order_id,payment_type,payment_installments,payment_value
ORD0000000,voucher,2,725.23
ORD0000001,voucher,7,1063.01
ORD0000002,debit_card,3,137.35
ORD0000003,boleto,6,1018.99
ORD0000004,credit_card,1,197.9
ORD0000005,voucher,3,651.51
ORD0000005,voucher,3,245.24
ORD0000006,boleto,3,542.07
ORD0000007,boleto,5,702.44
ORD0000008,boleto,10,1090.29
ORD0000009,debit_card,7,1386.77
ORD0000010,debit_card,7,1178.18
ORD0000011,debit_card,4,1457.44
ORD0000011,debit_card,4,89.56
ORD0000012,voucher,10,1458.04
ORD0000013,voucher,8,365.79
ORD0000014,boleto,9,1475.34
ORD0000015,voucher,8,1037.91
ORD0000016,debit_card,2,977.61
ORD0000017,voucher,9,1283.51
ORD0000017,debit_card,9,934.28
ORD0000018,credit_card,8,761.82
ORD0000019,credit_card,6,551.95
ORD0000020,debit_card,2,225.73
ORD0000021,voucher,8,104.41
ORD0000022,voucher,2,725.69
ORD0000023,boleto,7,1147.13
ORD0000024,credit_card,1,402.37
ORD0000024,debit_card,1,1066.2
ORD0000025,voucher,10,85.95
ORD0000025,voucher,10,1345.71
ORD0000026,credit_card,10,1218.77
ORD0000027,credit_card,8,1335.37
ORD0000028,voucher,2,646.07
ORD0000029,credit_card,2,229.76
ORD0000030,boleto,5,341.51
ORD0000031,boleto,9,680.27
ORD0000032,boleto,3,183.78
ORD0000033,debit_card,5,26.11
ORD0000034,debit_card,3,1034.41
ORD0000034,voucher,3,1327.11
ORD0000035,boleto,3,616.36
ORD0000036,debit_card,4,218.36
ORD0000037,voucher,4,229.37
ORD0000038,debit_card,9,666.97
ORD0000039,debit_card,10,1499.43
ORD0000039,credit_card,10,139.97
ORD0000040,debit_card,2,1037.64
ORD0000040,voucher,2,304.3
ORD0000041,voucher,4,1390.72
ORD0000042,boleto,7,756.85
ORD0000043,debit_card,5,796.96
ORD0000044,boleto,9,459.58
ORD0000045,debit_card,2,810.0
ORD0000046,credit_card,4,1186.4
ORD0000047,boleto,3,971.78
ORD0000048,debit_card,3,493.06
ORD0000049,debit_card,4,93.33
ORD0000049,voucher,4,442.71
ORD0000050,voucher,6,739.71
ORD0000051,voucher,3,1470.65
ORD0000052,credit_card,7,1222.43
ORD0000053,voucher,3,884.13
ORD0000053,credit_card,3,430.58
ORD0000054,credit_card,8,718.52
ORD0000055,debit_card,9,753.7
ORD0000056,debit_card,4,1374.53
ORD0000057,voucher,6,525.92
ORD0000057,voucher,6,226.74
ORD0000058,debit_card,4,337.63
ORD0000059,voucher,7,317.66
ORD0000060,voucher,5,862.73
ORD0000061,boleto,2,1377.78
ORD0000062,voucher,10,1404.84
ORD0000063,debit_card,4,904.25
ORD0000064,credit_card,1,878.09
ORD0000065,voucher,6,368.88
ORD0000066,boleto,1,910.23
ORD0000067,voucher,9,369.4
ORD0000068,debit_card,10,52.66
ORD0000069,credit_card,5,133.38
ORD0000070,voucher,8,840.57
ORD0000071,boleto,8,654.12
ORD0000072,debit_card,8,920.73
ORD0000073,credit_card,2,509.78
ORD0000074,boleto,10,185.29
ORD0000075,voucher,5,1169.66
ORD0000076,voucher,1,76.35
ORD0000077,credit_card,6,513.5
ORD0000078,debit_card,1,1146.8
ORD0000079,debit_card,6,957.62
ORD0000080,credit_card,8,1338.69
ORD0000081,credit_card,6,106.13
ORD0000081,credit_card,6,738.48
ORD0000082,voucher,10,382.06
ORD0000083,debit_card,2,734.73
ORD0000084,voucher,1,720.69
ORD0000085,credit_card,4,1179.71
ORD0000086,voucher,6,497.11
ORD0000087,debit_card,2,462.47
ORD0000088,boleto,10,788.93
ORD0000089,credit_card,8,79.99
ORD0000090,debit_card,2,836.13
ORD0000091,debit_card,9,1100.84
ORD0000092,debit_card,2,1238.0
ORD0000093,credit_card,4,1036.54
ORD0000094,debit_card,6,1246.65
ORD0000095,debit_card,2,488.63
ORD0000096,boleto,2,1256.79
ORD0000097,boleto,10,1399.12
ORD0000097,boleto,10,52.18
ORD0000098,credit_card,3,641.67
ORD0000099,boleto,3,636.78
ORD0000100,credit_card,5,1090.88
ORD0000100,credit_card,5,288.73
ORD0000101,debit_card,3,317.84
ORD0000102,boleto,1,664.66
ORD0000103,credit_card,3,361.75
ORD0000104,boleto,3,1120.24
ORD0000105,credit_card,9,1056.23
ORD0000106,boleto,3,530.53
ORD0000107,boleto,7,1469.05
ORD0000108,boleto,3,45.68
ORD0000109,voucher,3,224.82
ORD0000110,credit_card,2,818.38
ORD0000110,credit_card,2,1335.08
ORD0000111,credit_card,4,730.64
ORD0000112,credit_card,9,1402.85
ORD0000113,boleto,3,149.21
ORD0000113,voucher,3,945.81
ORD0000114,voucher,7,1417.45
ORD0000115,credit_card,2,134.6
ORD0000116,voucher,5,284.14
ORD0000117,credit_card,6,70.96
ORD0000118,credit_card,2,919.5
ORD0000119,voucher,2,766.58
ORD0000120,credit_card,6,143.3
ORD0000121,credit_card,6,1002.92
ORD0000122,boleto,3,1093.59
ORD0000123,credit_card,2,1464.96
ORD0000124,voucher,8,108.76
ORD0000125,debit_card,7,1207.09
ORD0000126,debit_card,1,384.5
ORD0000127,credit_card,10,440.69
ORD0000127,boleto,10,749.42
ORD0000128,credit_card,2,66.64
ORD0000129,credit_card,5,398.61
ORD0000130,credit_card,9,1185.74
ORD0000131,credit_card,7,82.35
ORD0000132,voucher,4,818.38
ORD0000133,credit_card,10,1228.49
ORD0000134,debit_card,4,1122.67
ORD0000135,credit_card,8,543.86
ORD0000136,voucher,4,725.18
ORD0000137,credit_card,10,1342.71
ORD0000137,boleto,10,546.95
ORD0000138,voucher,7,1268.46
ORD0000139,voucher,6,768.87
ORD0000140,voucher,9,538.34
ORD0000140,debit_card,9,145.6
ORD0000141,debit_card,8,554.05
ORD0000142,boleto,7,1479.91
ORD0000143,debit_card,1,173.05
ORD0000144,credit_card,3,389.83
ORD0000144,debit_card,3,326.0
ORD0000145,boleto,6,851.52
ORD0000146,credit_card,9,496.38
ORD0000147,credit_card,8,33.86
ORD0000148,debit_card,9,1337.14
ORD0000149,credit_card,7,111.9
ORD0000150,voucher,4,1076.92
ORD0000151,debit_card,1,460.38
ORD0000152,voucher,5,1391.14
ORD0000153,voucher,10,435.45
ORD0000154,debit_card,3,610.31
ORD0000155,voucher,4,161.75
ORD0000156,credit_card,9,1077.58
ORD0000157,boleto,4,433.36
ORD0000158,voucher,10,1424.96
ORD0000159,boleto,6,869.27
ORD0000160,boleto,10,703.98
ORD0000161,credit_card,8,301.51
ORD0000162,debit_card,10,193.72
ORD0000163,credit_card,1,139.72
ORD0000164,debit_card,4,762.3
ORD0000165,debit_card,9,994.49
ORD0000165,debit_card,9,1005.59
ORD0000166,boleto,10,866.0
ORD0000167,credit_card,10,1385.52
ORD0000168,boleto,8,1232.38
ORD0000169,credit_card,1,917.04
ORD0000170,boleto,7,957.43
ORD0000170,credit_card,7,886.74
ORD0000171,debit_card,7,1006.65
ORD0000172,debit_card,1,785.01
ORD0000172,credit_card,1,1405.6
ORD0000173,voucher,6,1106.52
ORD0000174,debit_card,9,312.46
ORD0000175,credit_card,5,674.05
ORD0000176,credit_card,2,276.57
ORD0000176,voucher,2,1236.72
ORD0000177,debit_card,2,682.73
ORD0000178,debit_card,8,1146.62
ORD0000179,voucher,1,1352.93
ORD0000179,boleto,1,1145.0
ORD0000180,boleto,10,507.97
ORD0000181,debit_card,9,437.68
ORD0000182,voucher,9,1116.46
ORD0000182,voucher,9,87.73
ORD0000183,debit_card,4,1455.95
ORD0000184,voucher,5,1261.45
ORD0000185,debit_card,6,550.08
ORD0000186,credit_card,8,498.74
ORD0000187,credit_card,1,736.63
ORD0000188,boleto,4,665.56
ORD0000189,credit_card,1,231.76
ORD0000190,voucher,2,1214.52
ORD0000191,credit_card,3,735.97
ORD0000192,debit_card,7,867.4
ORD0000193,voucher,8,1025.36
ORD0000194,debit_card,9,1329.97
ORD0000195,boleto,8,563.73
ORD0000196,debit_card,7,382.14
ORD0000197,debit_card,9,1208.01
ORD0000198,voucher,10,892.37
ORD0000199,credit_card,4,956.27
ORD0000200,credit_card,1,1213.6
ORD0000201,boleto,2,508.35
ORD0000202,credit_card,10,894.71
ORD0000203,debit_card,7,1084.41
ORD0000204,voucher,7,770.51
ORD0000205,boleto,9,1209.12
ORD0000206,debit_card,1,120.19
ORD0000207,boleto,2,1429.05
ORD0000208,debit_card,1,529.42
ORD0000209,credit_card,4,1208.12
ORD0000210,boleto,9,1257.28
ORD0000211,credit_card,5,1180.49
ORD0000212,voucher,5,474.18
ORD0000213,voucher,3,1037.94
ORD0000214,credit_card,10,103.57
ORD0000215,debit_card,2,484.44
ORD0000216,voucher,4,744.97
ORD0000217,credit_card,4,817.67
ORD0000217,boleto,4,259.05
ORD0000218,debit_card,4,506.83
ORD0000218,voucher,4,365.34
ORD0000219,boleto,2,1447.03
ORD0000219,boleto,2,797.06
ORD0000220,boleto,3,408.02
ORD0000221,credit_card,7,1430.72
ORD0000222,voucher,4,1227.47
ORD0000223,credit_card,7,163.05
ORD0000224,debit_card,10,214.82
ORD0000225,credit_card,2,1372.68
ORD0000226,boleto,2,1162.63
ORD0000227,debit_card,3,193.07
ORD0000228,voucher,9,625.62
ORD0000228,debit_card,9,548.86
ORD0000229,voucher,9,68.1
ORD0000230,credit_card,10,973.91
ORD0000231,voucher,8,882.99
ORD0000232,voucher,7,557.42
ORD0000233,boleto,2,1238.65
ORD0000234,debit_card,5,660.23
ORD0000235,voucher,2,540.61
ORD0000236,credit_card,3,1024.11
ORD0000237,credit_card,2,386.38
ORD0000238,boleto,9,1207.96
ORD0000239,boleto,1,1185.5
ORD0000240,debit_card,10,660.87
ORD0000241,credit_card,3,753.09
ORD0000242,boleto,2,1421.14
ORD0000243,boleto,4,622.06
ORD0000243,voucher,4,1232.34
ORD0000244,debit_card,3,849.59
ORD0000245,voucher,8,458.63
ORD0000246,voucher,5,688.29
ORD0000247,voucher,10,1429.3
ORD0000248,debit_card,10,819.29
ORD0000249,debit_card,8,82.87
ORD0000250,credit_card,3,727.67
ORD0000250,credit_card,3,739.34
ORD0000251,voucher,10,422.1
ORD0000252,boleto,9,882.2
ORD0000253,voucher,3,749.68
ORD0000254,boleto,5,885.69
ORD0000255,voucher,6,1410.58
ORD0000256,debit_card,5,1425.93
ORD0000257,debit_card,1,363.29
ORD0000258,credit_card,7,814.43
ORD0000259,boleto,9,419.54
ORD0000260,debit_card,10,965.07
ORD0000261,voucher,8,313.09
ORD0000262,boleto,10,874.75
ORD0000263,credit_card,6,556.58
ORD0000264,voucher,2,778.85
ORD0000265,credit_card,5,118.77
ORD0000266,boleto,1,1093.59
ORD0000267,credit_card,1,645.52
ORD0000268,boleto,10,819.03
ORD0000269,credit_card,4,63.39
ORD0000270,debit_card,4,1277.41
ORD0000271,boleto,8,124.33
ORD0000272,boleto,9,222.58
ORD0000273,voucher,4,88.11
ORD0000273,voucher,4,596.82
ORD0000274,credit_card,6,1137.85
ORD0000275,voucher,3,110.62
ORD0000276,debit_card,2,561.83
ORD0000277,boleto,10,501.84
ORD0000277,credit_card,10,447.01
ORD0000278,debit_card,8,55.37
ORD0000279,boleto,6,306.47
ORD0000280,boleto,8,999.58
ORD0000281,boleto,10,899.42
ORD0000282,credit_card,4,1105.96
ORD0000283,debit_card,9,431.4
ORD0000283,credit_card,9,101.92
ORD0000284,boleto,4,592.26
ORD0000285,boleto,5,267.42
ORD0000286,debit_card,8,81.38
ORD0000287,voucher,4,577.99
ORD0000288,voucher,10,424.69
ORD0000289,boleto,8,1289.55
ORD0000290,voucher,7,1399.68
ORD0000291,boleto,4,344.55
ORD0000292,debit_card,3,85.12
ORD0000293,boleto,4,221.49
ORD0000294,debit_card,6,168.45
ORD0000295,boleto,6,471.7
ORD0000296,debit_card,2,344.07
ORD0000297,credit_card,9,1101.64
ORD0000298,boleto,2,447.69
ORD0000299,voucher,3,181.97
ORD0000300,debit_card,10,1472.14
ORD0000301,debit_card,10,568.34
ORD0000302,boleto,9,240.45
ORD0000303,debit_card,4,1157.13
ORD0000304,credit_card,1,1235.53
ORD0000305,boleto,10,623.11
ORD0000306,credit_card,6,427.87
ORD0000307,voucher,5,440.49
ORD0000308,debit_card,3,1383.7
ORD0000309,boleto,7,262.1
ORD0000310,boleto,5,320.15
ORD0000311,debit_card,6,964.11
ORD0000312,debit_card,4,821.23
ORD0000313,boleto,10,1467.91
ORD0000313,credit_card,10,178.52
ORD0000314,voucher,7,339.06
ORD0000315,voucher,7,532.59
ORD0000316,debit_card,10,678.32
ORD0000317,credit_card,8,544.42
ORD0000318,credit_card,8,555.31
ORD0000319,boleto,9,1364.23
ORD0000320,boleto,4,561.76
ORD0000321,voucher,6,45.33
ORD0000322,voucher,9,187.6
ORD0000323,voucher,4,143.08
ORD0000324,boleto,8,1236.24
ORD0000325,boleto,3,67.47
ORD0000326,boleto,8,1446.41
ORD0000327,boleto,3,953.49
ORD0000328,debit_card,1,817.64
ORD0000329,debit_card,9,643.38
ORD0000330,credit_card,8,944.47
ORD0000330,debit_card,8,1213.88
ORD0000331,debit_card,9,1207.55
ORD0000332,debit_card,10,482.86
ORD0000333,boleto,2,944.98
ORD0000334,credit_card,10,147.89
ORD0000335,voucher,10,881.14
ORD0000335,boleto,10,798.51
ORD0000336,boleto,1,236.66
ORD0000337,boleto,4,934.18
ORD0000338,debit_card,5,302.85
ORD0000339,credit_card,3,1051.29
ORD0000340,credit_card,4,1274.32
ORD0000340,voucher,4,1174.96
ORD0000341,debit_card,4,1372.05
ORD0000342,credit_card,2,998.82
ORD0000343,credit_card,5,1471.59
ORD0000344,voucher,7,1246.77
ORD0000345,debit_card,5,1199.54
ORD0000346,boleto,3,940.31
ORD0000347,debit_card,10,850.95
ORD0000348,credit_card,1,800.03
ORD0000349,credit_card,8,314.68
ORD0000349,boleto,8,635.98
ORD0000350,voucher,9,1291.07
ORD0000351,credit_card,10,317.79
ORD0000352,debit_card,10,382.85
ORD0000353,voucher,1,334.75
ORD0000354,boleto,10,169.25
ORD0000355,voucher,1,1312.61
ORD0000356,boleto,3,372.52
ORD0000357,credit_card,7,1150.82
ORD0000358,debit_card,10,239.46
ORD0000358,boleto,10,1074.38
ORD0000359,credit_card,3,78.04
ORD0000360,credit_card,2,1373.87
ORD0000361,debit_card,10,1215.61
ORD0000362,credit_card,8,436.63
ORD0000363,credit_card,3,880.79
ORD0000364,debit_card,8,1268.91
ORD0000365,credit_card,4,1458.13
ORD0000366,voucher,5,317.69
ORD0000366,voucher,5,226.62
ORD0000367,voucher,7,1120.41
ORD0000368,credit_card,8,402.64
ORD0000369,voucher,3,39.18
ORD0000370,boleto,3,357.72
ORD0000371,voucher,8,78.5
ORD0000372,voucher,5,781.6
ORD0000373,boleto,5,1488.78
ORD0000373,credit_card,5,1201.87
ORD0000374,debit_card,2,1077.96
ORD0000374,debit_card,2,1420.24
ORD0000375,boleto,7,1109.16
ORD0000376,debit_card,4,260.7
ORD0000377,debit_card,6,570.83
ORD0000378,debit_card,4,328.64
ORD0000379,credit_card,1,1237.11
ORD0000380,credit_card,10,28.74
ORD0000381,boleto,8,276.49
ORD0000382,voucher,4,804.07
ORD0000383,boleto,5,991.73
ORD0000384,boleto,5,233.37
ORD0000385,credit_card,1,402.64
ORD0000386,boleto,3,1343.21
ORD0000387,voucher,7,1137.29
ORD0000388,debit_card,1,179.89
ORD0000389,credit_card,6,739.24
ORD0000390,credit_card,3,61.49
ORD0000391,boleto,10,1053.16
ORD0000392,credit_card,4,664.2
ORD0000393,debit_card,7,1421.34
ORD0000394,debit_card,3,1004.05
ORD0000394,debit_card,3,452.1
ORD0000395,credit_card,2,679.2
ORD0000396,credit_card,7,238.1
ORD0000397,voucher,7,1182.52
ORD0000398,debit_card,7,467.12
ORD0000399,debit_card,3,564.05
ORD0000400,boleto,1,834.2
ORD0000401,voucher,8,627.67
ORD0000402,boleto,5,511.44
ORD0000403,debit_card,6,580.99
ORD0000404,boleto,8,80.44
ORD0000405,debit_card,8,777.34
ORD0000406,credit_card,3,367.11
ORD0000407,boleto,5,1318.25
ORD0000408,debit_card,5,1126.68
ORD0000408,boleto,5,1433.09
ORD0000409,debit_card,2,961.63
ORD0000410,boleto,8,579.41
ORD0000411,boleto,10,1333.23
ORD0000412,boleto,1,1087.76
ORD0000413,voucher,1,302.49
ORD0000413,credit_card,1,1382.23
ORD0000414,credit_card,10,1088.98
ORD0000415,credit_card,3,1263.41
ORD0000416,boleto,3,763.87
ORD0000417,voucher,10,568.34
ORD0000418,boleto,7,738.59
ORD0000418,credit_card,7,95.17
ORD0000419,voucher,10,441.66
ORD0000420,debit_card,1,595.71
ORD0000421,voucher,7,1064.94
ORD0000422,credit_card,10,1004.55
ORD0000423,voucher,7,112.95
ORD0000424,debit_card,3,492.44
ORD0000425,boleto,8,734.07
ORD0000426,voucher,2,196.57
ORD0000427,debit_card,9,668.99
ORD0000428,debit_card,9,1200.51
ORD0000429,voucher,1,421.21
ORD0000430,boleto,7,1212.39
ORD0000431,boleto,7,1009.07
ORD0000432,boleto,2,307.35
ORD0000433,boleto,5,1454.9
ORD0000434,credit_card,7,1446.38
ORD0000435,debit_card,4,1466.23
ORD0000436,debit_card,1,67.45
ORD0000436,boleto,1,715.34
ORD0000437,credit_card,7,378.07
ORD0000438,debit_card,10,664.39
ORD0000439,credit_card,10,417.47
ORD0000440,credit_card,7,85.61
ORD0000441,credit_card,4,884.2
ORD0000442,voucher,4,417.07
ORD0000443,debit_card,2,146.42
ORD0000444,debit_card,3,922.07
ORD0000445,debit_card,3,990.86
ORD0000446,voucher,6,1379.73
ORD0000447,credit_card,5,937.56
ORD0000448,credit_card,6,791.59
ORD0000449,debit_card,1,588.08
ORD0000450,voucher,4,39.54
ORD0000451,credit_card,7,1367.91
ORD0000452,boleto,2,1394.83
ORD0000453,debit_card,4,317.08
ORD0000454,credit_card,3,417.79
ORD0000455,debit_card,3,401.47
ORD0000456,credit_card,6,619.74
ORD0000457,debit_card,5,1367.52
ORD0000458,debit_card,3,836.33
ORD0000459,credit_card,10,555.23
ORD0000460,debit_card,1,1042.71
ORD0000461,credit_card,10,669.53
ORD0000462,credit_card,10,646.9
ORD0000463,credit_card,9,225.97
ORD0000464,debit_card,1,65.36
ORD0000465,boleto,9,1427.18
ORD0000466,debit_card,9,119.06
ORD0000467,debit_card,7,537.08
ORD0000468,credit_card,6,1469.98
ORD0000469,boleto,1,1266.1
ORD0000470,debit_card,8,1379.01
ORD0000471,voucher,7,1198.53
ORD0000472,debit_card,5,1000.91
ORD0000473,debit_card,6,122.63
ORD0000473,voucher,6,665.9
ORD0000474,voucher,7,115.09
ORD0000475,debit_card,2,1192.25
ORD0000476,credit_card,9,279.03
ORD0000477,boleto,5,1379.01
ORD0000478,debit_card,5,444.77
ORD0000479,voucher,9,1331.43
ORD0000480,credit_card,9,918.39
ORD0000481,credit_card,9,969.22
ORD0000482,boleto,7,1364.1
ORD0000483,credit_card,1,1122.82
ORD0000484,boleto,8,923.43
ORD0000485,credit_card,5,176.3
ORD0000486,credit_card,3,1467.45
ORD0000487,voucher,9,119.88
ORD0000488,boleto,7,575.1
ORD0000489,credit_card,4,1165.34
ORD0000490,voucher,5,647.54
ORD0000491,boleto,2,943.34
ORD0000492,credit_card,3,1437.08
ORD0000493,voucher,9,262.3
ORD0000494,boleto,10,200.01
ORD0000495,boleto,3,137.39
ORD0000495,voucher,3,1311.21
ORD0000496,debit_card,10,952.27
ORD0000497,voucher,1,1309.55
ORD0000498,boleto,10,135.68
ORD0000499,credit_card,3,580.57
ORD0000500,voucher,4,1310.62
ORD0000500,voucher,4,381.86
ORD0000501,voucher,9,533.35
ORD0000502,boleto,3,812.9
ORD0000503,voucher,9,318.77
ORD0000504,credit_card,5,408.89
ORD0000504,debit_card,5,633.55
ORD0000505,boleto,8,26.69
ORD0000506,credit_card,3,1253.05
ORD0000506,credit_card,3,809.06
ORD0000507,debit_card,1,962.79
ORD0000508,boleto,9,238.7
ORD0000509,credit_card,5,137.85
ORD0000510,credit_card,9,149.95
ORD0000511,debit_card,1,378.02
ORD0000512,credit_card,9,1226.38
ORD0000513,credit_card,6,692.84
ORD0000514,credit_card,9,657.66
ORD0000515,credit_card,6,1002.59
ORD0000516,boleto,6,433.75
ORD0000517,credit_card,1,1201.11
ORD0000518,credit_card,8,629.83
ORD0000519,debit_card,8,489.92
ORD0000520,voucher,10,403.43
ORD0000521,debit_card,2,159.1
ORD0000522,credit_card,7,1327.91
ORD0000522,boleto,7,984.98
ORD0000523,boleto,6,858.55
ORD0000524,voucher,1,1020.53
ORD0000525,boleto,3,1359.2
ORD0000526,debit_card,9,613.51
ORD0000527,credit_card,7,192.4
ORD0000528,credit_card,1,158.44
ORD0000529,boleto,10,108.62
ORD0000529,debit_card,10,361.75
ORD0000530,debit_card,7,495.98
ORD0000531,credit_card,8,920.47
ORD0000532,debit_card,6,264.39
ORD0000533,credit_card,5,986.66
ORD0000533,debit_card,5,1221.77
ORD0000534,debit_card,7,1465.59
ORD0000534,boleto,7,980.04
ORD0000535,boleto,8,529.91
ORD0000536,debit_card,1,1414.73
ORD0000537,credit_card,4,251.53
ORD0000538,credit_card,6,1000.74
ORD0000539,credit_card,10,278.5
ORD0000539,boleto,10,1475.88
ORD0000540,debit_card,9,159.07
ORD0000541,credit_card,2,301.29
ORD0000542,credit_card,9,692.79
ORD0000543,credit_card,2,1342.69
ORD0000544,voucher,1,1082.56
ORD0000544,boleto,1,776.85
ORD0000545,debit_card,10,354.15
ORD0000546,boleto,6,502.08
ORD0000547,credit_card,7,937.42
ORD0000548,credit_card,4,33.4
ORD0000549,debit_card,4,311.04
ORD0000550,debit_card,6,1399.74
ORD0000551,credit_card,9,510.21
ORD0000552,debit_card,1,752.63
ORD0000553,boleto,4,1160.96
ORD0000554,credit_card,7,450.18
ORD0000555,debit_card,5,411.12
ORD0000556,voucher,6,683.37
ORD0000557,credit_card,2,1337.77
ORD0000558,debit_card,7,1433.2
ORD0000559,voucher,8,1275.44
ORD0000560,debit_card,6,1403.6
ORD0000561,credit_card,10,280.37
ORD0000562,credit_card,3,1025.36
ORD0000563,debit_card,10,859.89
ORD0000564,credit_card,5,117.25
ORD0000565,debit_card,6,1232.03
ORD0000566,boleto,5,678.03
ORD0000567,voucher,5,1274.69
ORD0000568,boleto,9,1262.79
ORD0000569,voucher,3,63.23
ORD0000570,credit_card,4,1464.63
ORD0000571,boleto,2,259.9
ORD0000572,voucher,10,307.95
ORD0000573,credit_card,6,178.44
ORD0000574,voucher,4,191.89
ORD0000575,credit_card,10,111.35
ORD0000576,credit_card,1,673.93
ORD0000577,credit_card,5,859.6
ORD0000578,boleto,4,457.7
ORD0000579,credit_card,2,29.01
ORD0000580,credit_card,8,1030.82
ORD0000581,credit_card,5,128.43
ORD0000582,boleto,10,1196.13
ORD0000583,debit_card,9,705.65
ORD0000584,voucher,8,1123.81
ORD0000585,boleto,10,1372.56
ORD0000586,boleto,8,194.53
ORD0000587,boleto,8,128.47
ORD0000588,debit_card,3,913.49
ORD0000589,debit_card,1,1116.2
ORD0000589,voucher,1,1425.48
ORD0000590,debit_card,3,1425.39
ORD0000591,debit_card,8,302.34
ORD0000592,debit_card,9,305.47
ORD0000593,voucher,4,446.73
ORD0000593,boleto,4,483.99
ORD0000594,voucher,5,623.5
ORD0000595,voucher,5,1499.58
ORD0000596,credit_card,3,1312.5
ORD0000597,credit_card,7,320.32
ORD0000598,boleto,4,1467.49
ORD0000599,credit_card,10,1068.54
ORD0000600,voucher,1,591.53
ORD0000601,voucher,8,69.65
ORD0000602,credit_card,9,1141.89
ORD0000603,debit_card,8,171.48
ORD0000604,credit_card,10,820.26
ORD0000605,voucher,2,1401.05
ORD0000606,debit_card,8,1050.65
ORD0000607,debit_card,3,495.88
ORD0000607,credit_card,3,709.35
ORD0000608,debit_card,4,142.57
ORD0000609,boleto,4,72.55
ORD0000610,boleto,7,1166.6
ORD0000610,boleto,7,307.07
ORD0000611,credit_card,9,970.45
ORD0000612,debit_card,10,853.23
ORD0000613,credit_card,2,1188.18
ORD0000614,boleto,8,1486.26
ORD0000615,debit_card,10,697.2
ORD0000616,debit_card,8,1184.72
ORD0000617,credit_card,9,583.53
ORD0000618,credit_card,8,1141.38
ORD0000619,boleto,9,622.35
ORD0000619,voucher,9,879.26
ORD0000620,boleto,8,1399.18
ORD0000620,credit_card,8,1497.9
ORD0000621,boleto,2,146.09
ORD0000622,debit_card,10,1336.61
ORD0000623,debit_card,10,1136.8
ORD0000624,debit_card,2,722.78
ORD0000625,boleto,10,840.14
ORD0000626,debit_card,7,789.0
ORD0000627,voucher,8,33.83
ORD0000628,credit_card,6,209.51
ORD0000629,debit_card,3,778.32
ORD0000630,debit_card,4,38.7
ORD0000631,debit_card,10,736.38
ORD0000632,boleto,6,1143.85
ORD0000633,credit_card,8,1459.42
ORD0000634,boleto,6,338.04
ORD0000635,credit_card,10,894.44
ORD0000636,boleto,10,641.25
ORD0000637,boleto,5,194.02
ORD0000638,debit_card,3,118.5
ORD0000638,credit_card,3,889.81
ORD0000639,boleto,3,729.23
ORD0000639,voucher,3,578.78
ORD0000640,boleto,4,1465.28
ORD0000641,boleto,8,1407.98
ORD0000642,boleto,5,664.78
ORD0000643,debit_card,8,333.34
ORD0000644,boleto,3,523.64
ORD0000644,boleto,3,738.98
ORD0000645,boleto,5,438.3
ORD0000646,credit_card,8,1056.05
ORD0000647,boleto,7,1155.73
ORD0000648,voucher,7,731.62
ORD0000649,debit_card,5,61.66
ORD0000650,credit_card,5,359.6
ORD0000651,debit_card,7,602.17
ORD0000652,debit_card,3,232.43
ORD0000653,boleto,2,1472.84
ORD0000654,credit_card,7,909.47
ORD0000655,credit_card,5,615.33
ORD0000655,credit_card,5,106.65
ORD0000656,voucher,6,1036.18
ORD0000657,boleto,7,1029.62
ORD0000658,boleto,3,722.75
ORD0000659,boleto,5,247.97
ORD0000659,boleto,5,1085.56
ORD0000660,debit_card,3,848.94
ORD0000660,debit_card,3,1417.34
ORD0000661,credit_card,5,575.79
ORD0000662,debit_card,4,1224.71
ORD0000663,voucher,5,797.49
ORD0000664,boleto,1,336.2
ORD0000665,credit_card,2,1129.53
ORD0000665,debit_card,2,472.51
ORD0000666,debit_card,7,1413.83
ORD0000667,debit_card,9,752.85
ORD0000668,voucher,3,1093.67
ORD0000669,voucher,8,1257.8
ORD0000670,credit_card,6,691.67
ORD0000671,voucher,7,473.14
ORD0000672,boleto,4,161.86
ORD0000673,debit_card,2,479.66
ORD0000674,voucher,1,1154.2
ORD0000675,voucher,5,137.27
ORD0000676,credit_card,7,94.66
ORD0000677,boleto,3,651.98
ORD0000678,debit_card,6,749.6
ORD0000679,debit_card,3,575.64
ORD0000680,credit_card,5,1337.21
ORD0000681,voucher,2,793.87
ORD0000682,debit_card,9,553.65
ORD0000683,debit_card,9,172.95
ORD0000684,credit_card,3,1044.17
ORD0000685,debit_card,4,816.69
ORD0000686,voucher,8,1479.98
ORD0000687,debit_card,3,654.42
ORD0000688,voucher,5,476.3
ORD0000688,debit_card,5,1208.44
ORD0000689,voucher,10,995.94
ORD0000690,credit_card,10,395.85
ORD0000691,debit_card,9,228.01
ORD0000692,voucher,4,1097.4
ORD0000693,credit_card,8,436.9
ORD0000694,boleto,10,1387.47
ORD0000695,credit_card,3,242.9
ORD0000696,voucher,10,359.17
ORD0000697,voucher,3,196.53
ORD0000698,debit_card,7,1051.35
ORD0000699,debit_card,1,851.23
ORD0000700,credit_card,7,1267.05
ORD0000701,boleto,1,782.24
ORD0000702,credit_card,5,123.4
ORD0000703,boleto,2,62.64
ORD0000703,voucher,2,69.92
ORD0000704,voucher,2,566.8
ORD0000705,debit_card,3,1474.99
ORD0000706,voucher,2,115.64
ORD0000707,boleto,6,1312.55
ORD0000707,debit_card,6,621.3
ORD0000708,credit_card,9,1213.18
ORD0000709,voucher,1,1393.82
ORD0000710,debit_card,3,60.96
ORD0000711,voucher,2,1250.31
ORD0000712,voucher,7,1489.74
ORD0000713,boleto,8,1226.3
ORD0000714,boleto,2,267.87
ORD0000715,debit_card,5,1419.58
ORD0000715,debit_card,5,646.41
ORD0000716,voucher,10,564.02
ORD0000716,voucher,10,1137.94
ORD0000717,debit_card,10,507.28
ORD0000718,debit_card,3,533.08
ORD0000719,credit_card,8,1238.43
ORD0000720,voucher,3,439.95
ORD0000721,credit_card,3,1071.68
ORD0000722,credit_card,2,650.62
ORD0000723,debit_card,10,283.45
ORD0000724,voucher,10,1097.45
ORD0000725,credit_card,7,308.24
ORD0000726,credit_card,2,1355.99
ORD0000726,credit_card,2,321.32
ORD0000727,boleto,10,203.64
ORD0000728,debit_card,1,1394.25
ORD0000729,credit_card,7,92.77
ORD0000730,voucher,8,681.93
ORD0000731,voucher,6,590.89
ORD0000731,boleto,6,871.32
ORD0000732,voucher,7,1342.85
ORD0000733,credit_card,10,1110.28
ORD0000734,voucher,8,936.7
ORD0000735,voucher,1,197.75
ORD0000736,voucher,1,902.82
ORD0000737,voucher,1,576.63
ORD0000738,debit_card,3,1262.91
ORD0000739,voucher,3,1105.14
ORD0000740,voucher,2,1282.07
ORD0000740,credit_card,2,773.59
ORD0000741,boleto,4,21.15
ORD0000742,debit_card,5,736.39
ORD0000743,debit_card,10,839.46
ORD0000744,credit_card,8,648.86
ORD0000745,credit_card,1,1475.69
ORD0000746,credit_card,2,715.37
ORD0000747,debit_card,10,753.31
ORD0000748,voucher,9,539.89
ORD0000749,credit_card,8,1409.19
ORD0000750,credit_card,5,669.85
ORD0000751,credit_card,1,365.2
ORD0000752,debit_card,6,1447.71
ORD0000753,boleto,9,985.68
ORD0000753,voucher,9,1259.6
ORD0000754,debit_card,4,440.87
ORD0000755,boleto,7,615.31
ORD0000756,boleto,6,854.51
ORD0000757,debit_card,3,1088.0
ORD0000758,boleto,10,392.64
ORD0000759,voucher,2,222.64
ORD0000760,debit_card,2,543.55
ORD0000761,boleto,5,1064.79
ORD0000761,credit_card,5,530.99
ORD0000762,debit_card,7,567.24
ORD0000762,voucher,7,776.68
ORD0000763,boleto,9,695.01
ORD0000764,boleto,4,74.63
ORD0000765,boleto,3,432.17
ORD0000766,debit_card,2,721.07
ORD0000767,debit_card,4,1410.27
ORD0000768,voucher,8,1419.88
ORD0000769,voucher,2,215.66
ORD0000770,boleto,10,1232.55
ORD0000771,debit_card,4,30.58
ORD0000772,debit_card,1,301.47
ORD0000773,voucher,6,168.24
ORD0000774,debit_card,4,1159.42
ORD0000774,debit_card,4,307.85
ORD0000775,boleto,2,353.35
ORD0000776,voucher,8,580.66
ORD0000777,boleto,6,708.94
ORD0000778,debit_card,1,395.29
ORD0000779,debit_card,6,328.42
ORD0000780,debit_card,2,62.26
ORD0000781,credit_card,3,1168.3
ORD0000782,voucher,5,215.87
ORD0000783,voucher,2,510.58
ORD0000784,boleto,4,725.73
ORD0000785,voucher,6,661.06
ORD0000786,voucher,6,860.86
ORD0000787,credit_card,8,1353.1
ORD0000788,debit_card,1,467.9
ORD0000789,voucher,2,1017.66
ORD0000789,debit_card,2,262.14
ORD0000790,boleto,8,1475.83
ORD0000791,voucher,5,304.81
ORD0000792,credit_card,3,1360.77
ORD0000793,voucher,1,1050.75
ORD0000794,boleto,1,1107.41
ORD0000795,credit_card,8,118.07
ORD0000796,credit_card,6,809.06
ORD0000797,voucher,8,403.3
ORD0000798,voucher,1,395.26
ORD0000798,boleto,1,970.65
ORD0000799,boleto,3,261.77
ORD0000800,boleto,5,348.05
ORD0000801,voucher,5,1171.99
ORD0000802,credit_card,6,1321.12
ORD0000803,boleto,10,470.84
ORD0000804,voucher,5,291.28
ORD0000805,voucher,3,314.87
ORD0000806,boleto,5,253.34
ORD0000807,credit_card,8,582.91
ORD0000808,voucher,4,200.31
ORD0000809,debit_card,5,218.85
ORD0000810,boleto,6,764.79
ORD0000810,voucher,6,1342.08
ORD0000811,voucher,9,1477.74
ORD0000812,credit_card,9,345.2
ORD0000813,voucher,8,424.79
ORD0000814,voucher,6,333.13
ORD0000815,credit_card,2,1135.05
ORD0000816,boleto,2,1317.32
ORD0000817,boleto,4,1110.03
ORD0000818,credit_card,3,1285.54
ORD0000819,debit_card,2,640.98
ORD0000820,debit_card,2,326.24
ORD0000821,boleto,1,1194.41
ORD0000822,boleto,9,343.36
ORD0000823,voucher,7,1399.37
ORD0000823,boleto,7,986.46
ORD0000824,debit_card,1,439.48
ORD0000824,debit_card,1,131.78
ORD0000825,voucher,5,74.91
ORD0000825,boleto,5,1311.25
ORD0000826,credit_card,1,821.83
ORD0000827,voucher,7,788.21
ORD0000828,boleto,6,940.76
ORD0000829,boleto,7,236.08
ORD0000830,boleto,4,589.76
ORD0000831,voucher,10,415.91
ORD0000832,voucher,7,1049.17
ORD0000833,credit_card,3,556.82
ORD0000834,voucher,9,96.1
ORD0000835,voucher,3,705.64
ORD0000836,credit_card,3,1305.85
ORD0000836,debit_card,3,265.13
ORD0000837,boleto,6,330.82
ORD0000838,debit_card,10,638.48
ORD0000839,voucher,3,1188.01
ORD0000840,boleto,2,1163.75
ORD0000841,voucher,9,87.7
ORD0000841,voucher,9,1406.48
ORD0000842,boleto,3,235.69
ORD0000843,voucher,5,897.23
ORD0000844,debit_card,2,780.77
ORD0000845,debit_card,8,323.77
ORD0000846,boleto,6,819.33
ORD0000846,debit_card,6,1485.37
ORD0000847,credit_card,8,1020.19
ORD0000848,debit_card,4,857.18
ORD0000849,boleto,8,842.07
ORD0000850,debit_card,7,1323.72
ORD0000850,voucher,7,1032.83
ORD0000851,credit_card,1,295.73
ORD0000852,boleto,8,1436.91
ORD0000853,voucher,10,1461.24
ORD0000854,credit_card,8,1388.58
ORD0000855,debit_card,1,244.58
ORD0000856,boleto,6,606.75
ORD0000857,debit_card,5,1196.04
ORD0000858,voucher,5,863.72
ORD0000859,boleto,2,581.03
ORD0000860,credit_card,1,887.47
ORD0000861,debit_card,1,905.65
ORD0000862,credit_card,9,724.2
ORD0000863,boleto,6,1225.8
ORD0000864,credit_card,4,947.1
ORD0000865,voucher,6,225.11
ORD0000866,boleto,1,95.16
ORD0000867,boleto,8,1452.07
ORD0000868,credit_card,7,999.97
ORD0000869,debit_card,9,103.04
ORD0000870,boleto,4,1327.36
ORD0000871,boleto,6,951.5
ORD0000872,boleto,4,776.14
ORD0000873,debit_card,7,1467.16
ORD0000874,credit_card,7,452.14
ORD0000875,boleto,9,377.16
ORD0000876,credit_card,9,1400.13
ORD0000877,credit_card,6,661.37
ORD0000878,voucher,10,1077.1
ORD0000879,credit_card,2,1018.29
ORD0000880,voucher,10,126.55
ORD0000881,credit_card,2,1331.07
ORD0000882,debit_card,10,683.11
ORD0000883,debit_card,1,394.28
ORD0000884,debit_card,9,1115.11
ORD0000885,voucher,7,595.47
ORD0000886,credit_card,8,274.26
ORD0000886,debit_card,8,1277.6
ORD0000887,debit_card,2,648.35
ORD0000888,boleto,6,345.92
ORD0000889,boleto,7,734.21
ORD0000890,voucher,2,1433.88
ORD0000891,debit_card,6,1273.22
ORD0000892,boleto,4,182.61
ORD0000893,credit_card,10,71.51
ORD0000894,debit_card,5,1304.65
ORD0000895,voucher,10,196.27
ORD0000896,credit_card,6,309.49
ORD0000897,voucher,6,237.79
ORD0000898,boleto,1,539.05
ORD0000899,voucher,1,1364.85
ORD0000900,boleto,1,880.51
ORD0000901,debit_card,3,378.34
ORD0000902,credit_card,4,755.09
ORD0000903,debit_card,4,118.09
ORD0000904,boleto,5,1096.54
ORD0000905,credit_card,7,236.83
ORD0000906,credit_card,8,1269.96
ORD0000907,credit_card,4,1033.45
ORD0000908,credit_card,4,818.24
ORD0000909,voucher,3,615.97
ORD0000910,credit_card,2,452.02
ORD0000911,credit_card,3,537.58
ORD0000911,credit_card,3,1490.12
ORD0000912,credit_card,5,257.59
ORD0000913,debit_card,2,1340.29
ORD0000914,boleto,2,1243.34
ORD0000915,boleto,10,383.17
ORD0000916,voucher,6,223.55
ORD0000917,credit_card,4,1126.72
ORD0000918,credit_card,9,1390.13
ORD0000919,voucher,2,1430.92
ORD0000920,debit_card,6,521.12
ORD0000921,debit_card,8,243.29
ORD0000922,debit_card,2,343.49
ORD0000923,credit_card,3,440.03
ORD0000924,debit_card,1,983.62
ORD0000924,credit_card,1,1281.32
ORD0000925,debit_card,1,1438.29
ORD0000926,boleto,9,29.67
ORD0000927,credit_card,5,1044.88
ORD0000928,voucher,5,204.16
ORD0000929,voucher,10,1225.15
ORD0000929,voucher,10,386.19
ORD0000930,boleto,10,342.34
ORD0000931,boleto,8,1209.85
ORD0000932,boleto,4,1134.28
ORD0000933,debit_card,7,670.4
ORD0000934,voucher,9,321.47
ORD0000934,voucher,9,1479.22
ORD0000935,debit_card,2,108.81
ORD0000936,credit_card,6,1023.96
ORD0000937,voucher,6,1494.56
ORD0000938,boleto,10,1294.3
ORD0000939,debit_card,9,202.35
ORD0000940,debit_card,2,155.73
ORD0000940,credit_card,2,476.9
ORD0000941,credit_card,2,1060.28
ORD0000942,boleto,2,589.82
ORD0000943,debit_card,1,1040.88
ORD0000943,credit_card,1,1066.77
ORD0000944,debit_card,10,718.0
ORD0000945,debit_card,10,669.61
ORD0000946,boleto,5,175.08
ORD0000946,boleto,5,1088.25
ORD0000947,boleto,5,562.33
ORD0000948,credit_card,10,821.9
ORD0000949,credit_card,8,746.73
ORD0000950,debit_card,6,451.85
ORD0000951,voucher,7,368.82
ORD0000952,debit_card,5,889.12
ORD0000953,credit_card,9,501.43
ORD0000954,debit_card,10,22.89
ORD0000955,debit_card,3,319.26
ORD0000956,boleto,10,657.4
ORD0000957,boleto,5,392.43
ORD0000957,credit_card,5,1212.42
ORD0000958,debit_card,2,1155.37
ORD0000959,credit_card,1,994.87
ORD0000960,boleto,8,1118.05
ORD0000961,voucher,3,1187.94
ORD0000962,voucher,3,844.46
ORD0000962,debit_card,3,1155.53
ORD0000963,credit_card,4,301.09
ORD0000964,debit_card,10,1170.88
ORD0000965,voucher,2,973.69
ORD0000966,debit_card,1,377.86
ORD0000967,credit_card,4,866.05
ORD0000968,voucher,9,949.03
ORD0000969,debit_card,5,935.65
ORD0000970,debit_card,9,1067.13
ORD0000971,debit_card,9,109.94
ORD0000972,boleto,5,1336.44
ORD0000973,credit_card,8,938.24
ORD0000974,voucher,6,723.92
ORD0000975,credit_card,3,1332.24
ORD0000976,boleto,6,634.22
ORD0000977,credit_card,9,839.96
ORD0000978,voucher,4,1371.42
ORD0000979,boleto,4,67.07
ORD0000980,debit_card,8,688.7
ORD0000981,voucher,10,1387.6
ORD0000981,voucher,10,1099.73
ORD0000982,boleto,6,954.85
ORD0000983,boleto,2,1059.82
ORD0000984,boleto,8,1345.0
ORD0000985,debit_card,1,975.45
ORD0000986,debit_card,3,205.0
ORD0000987,debit_card,5,1398.23
ORD0000988,debit_card,10,716.46
ORD0000989,credit_card,8,659.0
ORD0000990,voucher,3,216.97
ORD0000991,voucher,6,1043.66
ORD0000992,debit_card,6,623.48
ORD0000993,credit_card,2,260.79
ORD0000994,credit_card,1,1307.79
ORD0000995,voucher,6,531.99
ORD0000996,credit_card,5,733.61
ORD0000997,boleto,4,805.59
ORD0000998,credit_card,8,723.61
ORD0000999,boleto,10,356.3
ORD0001000,voucher,3,267.49
ORD0001001,boleto,5,385.42
ORD0001002,credit_card,10,163.53
ORD0001003,debit_card,1,317.95
ORD0001004,credit_card,2,827.35
ORD0001005,boleto,10,824.47
ORD0001006,voucher,6,302.6
ORD0001007,credit_card,8,217.79
ORD0001008,boleto,1,1141.71
ORD0001009,voucher,1,837.96
ORD0001010,voucher,1,1305.72
ORD0001011,boleto,2,1220.44
ORD0001012,boleto,8,212.14
ORD0001013,credit_card,6,859.14
ORD0001014,debit_card,10,1446.55
ORD0001015,voucher,4,424.56
ORD0001016,boleto,10,1416.86
ORD0001017,boleto,10,379.73
ORD0001018,debit_card,8,322.63
ORD0001019,credit_card,6,502.92
ORD0001020,voucher,3,861.36
ORD0001021,credit_card,5,498.73
ORD0001022,voucher,2,526.47
ORD0001023,voucher,7,217.36
ORD0001024,debit_card,3,314.39
ORD0001025,debit_card,4,453.69
ORD0001025,credit_card,4,431.27
ORD0001026,voucher,1,1255.37
ORD0001027,voucher,1,1391.81
ORD0001028,credit_card,10,913.6
ORD0001029,debit_card,5,644.56
ORD0001030,debit_card,8,1162.7
ORD0001031,credit_card,4,1396.08
ORD0001032,credit_card,1,380.73
ORD0001033,debit_card,8,1294.21
ORD0001033,voucher,8,896.34
ORD0001034,debit_card,2,900.3
ORD0001035,debit_card,6,877.76
ORD0001036,boleto,8,167.55
ORD0001037,debit_card,3,1120.44
ORD0001038,boleto,7,1234.32
ORD0001039,voucher,6,739.53
ORD0001040,credit_card,10,388.83
ORD0001041,credit_card,2,346.26
ORD0001042,debit_card,9,932.02
ORD0001043,debit_card,2,661.39
ORD0001044,credit_card,8,931.3
ORD0001044,voucher,8,138.12
ORD0001045,debit_card,6,256.02
ORD0001046,voucher,7,1118.13
ORD0001047,voucher,5,1052.68
ORD0001048,credit_card,7,946.32
ORD0001049,boleto,6,1100.08
ORD0001050,boleto,6,454.98
ORD0001051,boleto,10,1348.08
ORD0001052,credit_card,4,1037.04
ORD0001053,debit_card,1,1093.23
ORD0001053,boleto,1,420.02
ORD0001054,boleto,2,892.85
ORD0001055,boleto,8,594.52
ORD0001055,voucher,8,1282.59
ORD0001056,boleto,4,929.97
ORD0001057,credit_card,10,672.26
ORD0001058,boleto,1,731.68
ORD0001059,debit_card,3,367.41
ORD0001060,boleto,3,1367.92
ORD0001061,debit_card,9,185.24
ORD0001062,debit_card,2,851.85
ORD0001063,boleto,9,522.04
ORD0001064,credit_card,8,63.18
ORD0001065,voucher,5,38.41
ORD0001066,boleto,9,562.32
ORD0001067,boleto,2,1323.66
ORD0001068,debit_card,6,935.07
ORD0001069,voucher,5,459.2
ORD0001070,debit_card,8,914.73
ORD0001070,voucher,8,346.47
ORD0001071,boleto,3,738.2
ORD0001072,credit_card,2,39.23
ORD0001073,voucher,7,524.67
ORD0001074,boleto,6,34.36
ORD0001074,credit_card,6,57.75
ORD0001075,voucher,7,984.42
ORD0001076,voucher,1,221.19
ORD0001077,boleto,5,239.21
ORD0001077,voucher,5,708.08
ORD0001078,boleto,5,792.47
ORD0001079,voucher,5,91.89
ORD0001080,debit_card,7,223.95
ORD0001080,voucher,7,49.62
ORD0001081,credit_card,3,1272.13
ORD0001082,debit_card,9,498.1
ORD0001083,boleto,10,256.85
ORD0001083,voucher,10,429.57
ORD0001084,credit_card,4,49.03
ORD0001085,credit_card,3,854.84
ORD0001086,boleto,6,952.9
ORD0001087,debit_card,8,221.29
ORD0001088,boleto,10,696.46
ORD0001089,boleto,10,391.11
ORD0001090,voucher,10,789.07
ORD0001091,debit_card,3,764.13
ORD0001092,voucher,8,110.27
ORD0001092,debit_card,8,727.2
ORD0001093,credit_card,6,346.24
ORD0001094,credit_card,7,549.37
ORD0001094,boleto,7,652.56
ORD0001095,debit_card,1,848.93
ORD0001096,credit_card,1,331.24
ORD0001097,credit_card,9,1059.01
ORD0001097,debit_card,9,1099.34
ORD0001098,debit_card,8,521.26
ORD0001099,voucher,5,1345.26
ORD0001100,voucher,9,1327.95
ORD0001101,boleto,8,119.89
ORD0001102,credit_card,4,474.43
ORD0001103,voucher,1,845.15
ORD0001103,debit_card,1,45.36
ORD0001104,boleto,7,102.5
ORD0001105,boleto,8,1281.31
ORD0001106,boleto,3,167.57
ORD0001107,voucher,4,1342.59
ORD0001108,debit_card,8,1277.92
ORD0001109,boleto,6,1237.52
ORD0001110,voucher,6,720.47
ORD0001111,voucher,3,1437.88
ORD0001112,voucher,6,372.03
ORD0001113,voucher,4,66.23
ORD0001114,credit_card,5,299.47
ORD0001115,debit_card,1,967.18
ORD0001116,boleto,5,208.71
ORD0001117,credit_card,3,294.93
ORD0001118,boleto,3,202.69
ORD0001119,credit_card,8,992.82
ORD0001120,debit_card,3,1197.21
ORD0001121,credit_card,7,105.68
ORD0001122,debit_card,1,1272.98
ORD0001123,voucher,9,181.68
ORD0001124,debit_card,7,721.42
ORD0001124,debit_card,7,519.12
ORD0001125,debit_card,4,303.71
ORD0001126,boleto,8,1387.77
ORD0001127,credit_card,3,674.52
ORD0001128,boleto,8,1290.43
ORD0001129,voucher,1,1062.2
ORD0001130,credit_card,10,669.73
ORD0001131,boleto,3,840.45
ORD0001132,debit_card,9,911.9
ORD0001132,credit_card,9,880.33
ORD0001133,credit_card,1,1365.89
ORD0001133,voucher,1,492.29
ORD0001134,voucher,8,964.35
ORD0001135,credit_card,1,392.01
ORD0001136,boleto,1,1107.57
ORD0001137,boleto,7,851.01
ORD0001138,credit_card,2,600.32
ORD0001139,debit_card,8,984.88
ORD0001140,boleto,9,1023.17
ORD0001141,debit_card,4,990.72
ORD0001141,credit_card,4,1211.88
ORD0001142,debit_card,6,131.57
ORD0001143,debit_card,10,238.59
ORD0001144,credit_card,2,131.57
ORD0001145,voucher,9,1440.78
ORD0001146,debit_card,6,1135.36
ORD0001147,credit_card,8,1323.58
ORD0001148,debit_card,2,164.31
ORD0001149,voucher,8,909.52
ORD0001150,boleto,8,380.7
ORD0001151,boleto,4,1337.87
ORD0001152,boleto,3,56.56
ORD0001153,debit_card,8,243.38
ORD0001154,debit_card,1,266.58
ORD0001155,boleto,10,200.81
ORD0001156,voucher,6,276.34
ORD0001157,debit_card,2,230.2
ORD0001158,debit_card,6,336.32
ORD0001159,debit_card,9,437.29
ORD0001160,voucher,4,886.55
ORD0001161,voucher,4,230.97
ORD0001162,boleto,10,625.7
ORD0001163,voucher,5,463.28
ORD0001164,credit_card,5,1362.38
ORD0001165,voucher,5,990.4
ORD0001166,debit_card,9,36.1
ORD0001167,debit_card,8,1181.42
ORD0001168,debit_card,7,489.11
ORD0001169,credit_card,7,1188.51
ORD0001170,debit_card,6,1251.31
ORD0001171,debit_card,2,778.97
ORD0001171,debit_card,2,1494.01
ORD0001172,boleto,1,652.56
ORD0001173,boleto,3,133.65
ORD0001174,boleto,5,88.27
ORD0001175,debit_card,8,550.31
ORD0001175,debit_card,8,868.94
ORD0001176,voucher,8,792.85
ORD0001177,boleto,5,1153.6
ORD0001178,debit_card,8,1255.28
ORD0001179,boleto,3,607.17
ORD0001180,debit_card,7,1016.28
ORD0001181,credit_card,7,289.05
ORD0001182,voucher,5,1477.62
ORD0001183,debit_card,7,1275.39
ORD0001184,credit_card,5,393.79
ORD0001185,debit_card,1,1186.81
ORD0001186,boleto,10,536.45
ORD0001187,credit_card,10,148.54
ORD0001187,voucher,10,654.65
ORD0001188,boleto,3,693.59
ORD0001189,debit_card,4,232.79
ORD0001190,voucher,1,661.52
ORD0001191,boleto,10,1353.82
ORD0001192,voucher,10,1185.71
ORD0001193,debit_card,8,1442.21
ORD0001193,boleto,8,1019.56
ORD0001194,voucher,2,1372.39
ORD0001195,boleto,1,1040.08
ORD0001196,voucher,9,140.44
ORD0001197,credit_card,3,1267.04
ORD0001198,credit_card,10,589.56
ORD0001198,debit_card,10,360.57
ORD0001199,boleto,6,1021.6
ORD0001200,debit_card,5,635.16
ORD0001201,voucher,6,884.5
ORD0001202,boleto,8,770.74
ORD0001203,credit_card,1,130.96
ORD0001204,credit_card,3,268.56
ORD0001204,credit_card,3,1006.89
ORD0001205,debit_card,7,793.81
ORD0001206,debit_card,2,1145.5
ORD0001207,boleto,6,380.34
ORD0001208,boleto,4,201.76
ORD0001209,debit_card,5,611.88
ORD0001210,credit_card,2,715.09
ORD0001211,boleto,6,369.02
ORD0001212,voucher,2,1357.55
ORD0001213,voucher,8,730.19
ORD0001213,credit_card,8,279.58
ORD0001214,boleto,1,509.98
ORD0001215,boleto,2,21.38
ORD0001216,voucher,8,524.13
ORD0001217,debit_card,7,1307.86
ORD0001218,debit_card,5,543.62
ORD0001218,debit_card,5,84.13
ORD0001219,credit_card,3,1476.73
ORD0001220,voucher,4,167.62
ORD0001221,debit_card,2,310.31
ORD0001222,credit_card,1,33.16
ORD0001223,voucher,2,306.99
ORD0001224,debit_card,3,1462.54
ORD0001225,debit_card,6,1341.79
ORD0001225,debit_card,6,305.21
ORD0001226,credit_card,5,909.67
ORD0001227,voucher,9,1220.43
ORD0001228,voucher,5,669.07
ORD0001229,voucher,1,753.45
ORD0001230,credit_card,3,1160.69
ORD0001231,debit_card,6,634.68
ORD0001232,boleto,6,802.72
ORD0001233,debit_card,6,206.54
ORD0001234,voucher,10,142.44
ORD0001235,debit_card,9,367.43
ORD0001236,boleto,10,705.08
ORD0001237,voucher,9,630.33
ORD0001238,debit_card,10,1332.25
ORD0001239,debit_card,4,1038.48
ORD0001240,voucher,10,586.87
ORD0001241,voucher,1,1113.61
ORD0001242,debit_card,7,536.33
ORD0001243,boleto,7,1479.49
ORD0001244,debit_card,5,837.69
ORD0001245,credit_card,5,204.96
ORD0001246,credit_card,2,768.38
ORD0001247,debit_card,3,1386.07
ORD0001248,boleto,1,236.7
ORD0001249,boleto,6,496.67
ORD0001250,debit_card,6,1162.27
ORD0001251,boleto,9,532.7
ORD0001252,debit_card,3,381.56
ORD0001253,boleto,9,674.0
ORD0001254,debit_card,1,1070.97
ORD0001255,boleto,7,561.92
ORD0001256,credit_card,10,1314.91
ORD0001256,debit_card,10,1099.99
ORD0001257,credit_card,7,159.35
ORD0001258,credit_card,9,921.38
ORD0001259,credit_card,7,1184.95
ORD0001260,boleto,10,1092.64
ORD0001261,debit_card,4,745.59
ORD0001262,voucher,7,1036.41
ORD0001263,credit_card,1,1131.78
ORD0001264,boleto,8,196.6
ORD0001265,credit_card,3,1270.14
ORD0001265,boleto,3,1309.5
ORD0001266,debit_card,2,378.27
ORD0001267,credit_card,5,935.18
ORD0001267,boleto,5,1497.26
ORD0001268,boleto,8,351.42
ORD0001269,voucher,1,817.79
ORD0001270,debit_card,5,886.47
ORD0001271,debit_card,3,1175.74
ORD0001272,voucher,3,245.32
ORD0001273,debit_card,7,1232.83
ORD0001274,voucher,8,214.76
ORD0001275,boleto,4,762.64
ORD0001276,boleto,2,239.22
ORD0001277,credit_card,1,294.14
ORD0001278,credit_card,8,955.88
ORD0001279,credit_card,7,943.71
ORD0001280,credit_card,4,443.02
ORD0001281,boleto,4,596.55
ORD0001282,boleto,10,318.73
ORD0001283,voucher,10,528.09
ORD0001283,voucher,10,1008.24
ORD0001284,voucher,8,1233.39
ORD0001285,boleto,6,376.99
ORD0001286,debit_card,6,243.44
ORD0001287,debit_card,7,1072.97
ORD0001287,boleto,7,229.74
ORD0001288,debit_card,4,1229.91
ORD0001289,credit_card,1,1328.2
ORD0001290,debit_card,5,482.22
ORD0001291,credit_card,10,1059.7
ORD0001292,boleto,4,875.58
ORD0001293,boleto,4,1044.44
ORD0001294,voucher,7,77.92
ORD0001295,boleto,2,1499.48
ORD0001296,boleto,5,961.94
ORD0001296,voucher,5,513.59
ORD0001297,boleto,1,1312.98
ORD0001298,debit_card,1,709.31
ORD0001299,credit_card,10,985.7
ORD0001300,debit_card,5,847.23
ORD0001301,debit_card,1,533.24
ORD0001301,credit_card,1,234.21
ORD0001302,voucher,8,718.47
ORD0001303,boleto,8,333.47
ORD0001304,debit_card,7,754.31
ORD0001305,boleto,6,831.13
ORD0001306,debit_card,10,1067.12
ORD0001307,voucher,4,977.21
ORD0001308,credit_card,9,1096.37
ORD0001309,credit_card,4,608.16
ORD0001310,boleto,9,1328.08
ORD0001311,debit_card,4,873.18
ORD0001312,boleto,6,1454.0
ORD0001313,voucher,1,627.95
ORD0001314,boleto,8,1370.73
ORD0001315,debit_card,3,686.67
ORD0001316,boleto,6,939.5
ORD0001317,credit_card,9,573.87
ORD0001318,boleto,1,607.94
ORD0001319,voucher,1,947.82
ORD0001319,credit_card,1,1242.21
ORD0001320,credit_card,1,163.86
ORD0001321,voucher,10,24.84
ORD0001322,debit_card,9,271.0
ORD0001323,boleto,7,685.53
ORD0001324,voucher,8,1204.5
ORD0001325,boleto,6,1385.03
ORD0001326,voucher,6,135.89
ORD0001327,boleto,3,877.11
ORD0001328,debit_card,5,1489.58
ORD0001329,credit_card,6,943.96
ORD0001330,debit_card,6,1136.14
ORD0001331,credit_card,6,870.02
ORD0001332,debit_card,6,332.65
ORD0001333,credit_card,7,1194.18
ORD0001334,voucher,9,1013.11
ORD0001335,voucher,8,175.56
ORD0001336,boleto,8,657.21
ORD0001337,boleto,6,788.25
ORD0001338,credit_card,9,1024.98
ORD0001339,credit_card,4,481.78
ORD0001340,boleto,1,537.05
ORD0001341,credit_card,3,449.03
ORD0001341,debit_card,3,869.37
ORD0001342,debit_card,9,824.17
ORD0001343,voucher,4,578.18
ORD0001344,debit_card,10,1324.04
ORD0001345,credit_card,6,1136.42
ORD0001346,boleto,2,194.34
ORD0001346,boleto,2,1410.45
ORD0001347,credit_card,9,663.13
ORD0001348,debit_card,7,924.86
ORD0001349,boleto,3,1321.67
ORD0001350,voucher,4,470.7
ORD0001351,credit_card,2,701.54
ORD0001352,voucher,6,898.97
ORD0001353,credit_card,8,1027.08
ORD0001354,credit_card,8,455.93
ORD0001355,credit_card,5,557.84
ORD0001356,voucher,2,515.67
ORD0001357,boleto,9,129.65
ORD0001357,boleto,9,243.67
ORD0001358,credit_card,9,1055.54
ORD0001359,voucher,1,1242.21
ORD0001360,debit_card,6,1255.97
ORD0001361,debit_card,1,209.31
ORD0001361,credit_card,1,710.2
ORD0001362,credit_card,6,642.97
ORD0001363,debit_card,1,446.16
ORD0001364,voucher,1,835.8
ORD0001365,voucher,5,533.64
ORD0001366,boleto,3,1489.49
ORD0001367,voucher,3,1194.06
ORD0001368,credit_card,10,183.02
ORD0001369,voucher,7,1220.29
ORD0001370,voucher,3,796.68
ORD0001371,voucher,3,1198.52
ORD0001372,voucher,5,940.33
ORD0001373,boleto,4,1374.31
ORD0001374,boleto,10,350.91
ORD0001375,boleto,9,1173.44
ORD0001376,credit_card,9,763.13
ORD0001377,voucher,10,587.19
ORD0001378,debit_card,6,851.61
ORD0001379,boleto,3,478.72
ORD0001380,credit_card,7,719.18
ORD0001381,debit_card,10,547.55
ORD0001382,credit_card,4,499.14
ORD0001383,debit_card,4,758.05
ORD0001384,credit_card,3,341.26
ORD0001385,debit_card,1,238.37
ORD0001386,voucher,10,1403.87
ORD0001387,debit_card,3,220.04
ORD0001388,debit_card,8,907.27
ORD0001389,voucher,8,119.65
ORD0001390,boleto,9,1018.24
ORD0001391,boleto,7,933.16
ORD0001392,credit_card,7,1474.45
ORD0001393,debit_card,5,187.67
ORD0001394,debit_card,10,753.65
ORD0001395,voucher,10,1392.02
ORD0001396,voucher,10,1495.0
ORD0001397,voucher,2,77.2
ORD0001398,debit_card,8,1230.41
ORD0001399,voucher,9,172.6
ORD0001399,boleto,9,1379.88
ORD0001400,voucher,1,1277.35
ORD0001401,boleto,6,1469.69
ORD0001402,boleto,3,1491.32
ORD0001403,boleto,8,1049.73
ORD0001404,boleto,8,196.42
ORD0001404,debit_card,8,432.95
ORD0001405,boleto,4,992.95
ORD0001406,credit_card,7,713.67
ORD0001406,voucher,7,867.63
ORD0001407,voucher,10,530.91
ORD0001408,credit_card,8,785.56
ORD0001409,voucher,6,1290.23
ORD0001409,credit_card,6,102.33
ORD0001410,debit_card,9,1444.01
ORD0001411,boleto,1,1219.9
ORD0001412,credit_card,3,1228.26
ORD0001413,boleto,4,1381.33
ORD0001414,debit_card,1,624.05
ORD0001415,debit_card,3,146.04
ORD0001416,boleto,9,1389.87
ORD0001417,boleto,7,201.67
ORD0001418,debit_card,7,1363.55
ORD0001419,credit_card,5,671.18
ORD0001420,credit_card,5,1442.41
ORD0001421,boleto,7,1398.68
ORD0001422,credit_card,3,219.81
ORD0001423,credit_card,4,1139.3
ORD0001424,boleto,5,1023.13
ORD0001425,boleto,5,727.72
ORD0001426,boleto,8,419.6
ORD0001427,credit_card,9,423.75
ORD0001428,credit_card,6,1091.66
ORD0001429,voucher,10,337.28
ORD0001430,debit_card,5,90.24
ORD0001431,debit_card,5,520.8
ORD0001432,debit_card,1,974.75
ORD0001433,boleto,4,815.62
ORD0001434,boleto,7,232.48
ORD0001435,credit_card,9,963.4
ORD0001436,boleto,1,231.68
ORD0001437,credit_card,9,856.85
ORD0001438,voucher,4,861.65
ORD0001438,debit_card,4,697.05
ORD0001439,boleto,10,332.35
ORD0001440,boleto,9,548.57
ORD0001441,voucher,5,425.38
ORD0001442,debit_card,9,742.4
ORD0001442,credit_card,9,330.04
ORD0001443,boleto,3,1041.65
ORD0001444,debit_card,2,1217.62
ORD0001445,voucher,7,688.96
ORD0001446,boleto,4,547.04
ORD0001447,boleto,9,1359.77
ORD0001448,credit_card,8,1491.12
ORD0001449,debit_card,10,758.73
ORD0001450,voucher,1,1466.92
ORD0001451,voucher,9,1363.68
ORD0001452,credit_card,8,961.8
ORD0001453,credit_card,9,1014.76
ORD0001454,debit_card,5,1180.78
ORD0001455,boleto,4,1120.85
ORD0001456,voucher,6,575.93
ORD0001456,boleto,6,127.65
ORD0001457,boleto,2,967.0
ORD0001458,debit_card,7,300.13
ORD0001459,credit_card,5,1257.36
ORD0001460,boleto,5,973.96
ORD0001461,credit_card,6,194.79
ORD0001462,credit_card,9,1263.94
ORD0001463,credit_card,4,499.69
ORD0001463,boleto,4,170.23
ORD0001464,credit_card,9,862.68
ORD0001465,voucher,3,1388.16
ORD0001466,voucher,2,1120.07
ORD0001467,debit_card,10,1180.2
ORD0001468,credit_card,10,626.56
ORD0001468,debit_card,10,235.76
ORD0001469,credit_card,9,173.04
ORD0001470,voucher,9,1279.49
ORD0001471,voucher,3,1254.18
ORD0001472,voucher,1,354.86
ORD0001473,debit_card,6,769.75
ORD0001473,voucher,6,406.03
ORD0001474,voucher,10,1032.75
ORD0001474,credit_card,10,686.35
ORD0001475,debit_card,10,212.58
ORD0001476,boleto,3,1089.31
ORD0001477,debit_card,7,178.56
ORD0001478,credit_card,7,993.36
ORD0001479,voucher,8,379.93
ORD0001480,debit_card,7,680.27
ORD0001481,credit_card,1,167.3
ORD0001482,debit_card,5,1202.89
ORD0001483,debit_card,7,887.04
ORD0001484,boleto,6,529.72
ORD0001485,credit_card,8,235.72
ORD0001486,voucher,1,1013.24
ORD0001487,credit_card,3,1154.96
ORD0001488,boleto,3,1035.66
ORD0001489,credit_card,2,297.51
ORD0001490,credit_card,9,1213.05
ORD0001491,debit_card,4,172.81
ORD0001492,boleto,6,582.17
ORD0001493,credit_card,1,1096.95
ORD0001494,debit_card,8,517.42
ORD0001495,boleto,3,1223.44
ORD0001496,debit_card,1,626.0
ORD0001497,credit_card,5,777.11
ORD0001498,credit_card,1,610.26
ORD0001499,voucher,7,205.6
ORD0001500,boleto,7,1392.3
ORD0001501,credit_card,9,1462.43
ORD0001502,debit_card,10,558.46
ORD0001503,debit_card,3,1245.77
ORD0001504,voucher,9,1017.63
ORD0001505,debit_card,8,293.66
ORD0001506,credit_card,4,253.56
ORD0001507,credit_card,8,1179.16
ORD0001508,credit_card,7,844.63
ORD0001509,credit_card,8,1320.44
ORD0001510,credit_card,5,788.07
ORD0001511,credit_card,7,398.26
ORD0001512,credit_card,10,244.02
ORD0001513,debit_card,4,1345.02
ORD0001514,credit_card,3,1349.44
ORD0001515,debit_card,10,909.38
ORD0001516,boleto,2,1148.36
ORD0001517,debit_card,1,745.25
ORD0001518,debit_card,7,734.57
ORD0001519,voucher,7,330.51
ORD0001519,debit_card,7,1485.73
ORD0001520,boleto,4,731.84
ORD0001521,credit_card,10,459.43
ORD0001522,debit_card,4,1017.68
ORD0001523,boleto,6,40.58
ORD0001524,boleto,4,1242.41
ORD0001525,credit_card,1,453.66
ORD0001526,credit_card,8,538.67
ORD0001527,boleto,9,1318.59
ORD0001527,credit_card,9,376.44
ORD0001528,voucher,3,1088.6
ORD0001529,debit_card,4,77.71
ORD0001530,voucher,8,529.59
ORD0001531,debit_card,7,1169.66
ORD0001532,voucher,4,46.37
ORD0001533,debit_card,3,510.69
ORD0001533,voucher,3,1069.15
ORD0001534,debit_card,8,565.96
ORD0001535,boleto,8,1277.38
ORD0001536,credit_card,1,1447.35
ORD0001537,debit_card,7,545.42
ORD0001538,debit_card,10,324.22
ORD0001539,boleto,2,492.37
ORD0001540,debit_card,1,1366.02
ORD0001541,credit_card,1,712.28
ORD0001542,debit_card,8,121.06
ORD0001543,boleto,5,835.57
ORD0001544,voucher,10,507.67
ORD0001545,voucher,9,485.69
ORD0001546,boleto,8,431.92
ORD0001547,voucher,8,1144.41
ORD0001548,debit_card,9,952.42
ORD0001549,credit_card,3,152.93
ORD0001550,boleto,9,1494.03
ORD0001551,debit_card,4,923.34
ORD0001552,voucher,3,1022.35
ORD0001553,debit_card,10,809.91
ORD0001554,credit_card,6,581.67
ORD0001555,debit_card,2,531.16
ORD0001555,debit_card,2,543.7
ORD0001556,boleto,1,499.47
ORD0001556,voucher,1,837.69
ORD0001557,credit_card,9,1017.16
ORD0001558,debit_card,1,611.83
ORD0001559,debit_card,7,730.48
ORD0001559,boleto,7,966.52
ORD0001560,credit_card,7,79.42
ORD0001561,credit_card,4,1377.29
ORD0001562,boleto,7,1086.62
ORD0001563,debit_card,4,803.83
ORD0001564,debit_card,4,885.88
ORD0001565,debit_card,1,1000.51
ORD0001566,credit_card,2,1220.09
ORD0001567,credit_card,1,659.42
ORD0001568,credit_card,9,66.18
ORD0001568,debit_card,9,292.44
ORD0001569,debit_card,6,1336.69
ORD0001570,boleto,10,508.89
ORD0001570,debit_card,10,1317.05
ORD0001571,boleto,1,34.64
ORD0001572,voucher,6,1412.75
ORD0001573,debit_card,2,1415.21
ORD0001574,voucher,1,1397.01
ORD0001575,boleto,5,352.83
ORD0001576,boleto,5,976.46
ORD0001577,boleto,3,277.71
ORD0001578,voucher,3,314.67
ORD0001579,boleto,6,384.3
ORD0001579,credit_card,6,342.7
ORD0001580,boleto,4,226.69
ORD0001581,credit_card,7,1338.44
ORD0001582,voucher,8,461.19
ORD0001583,credit_card,4,915.52
ORD0001584,credit_card,2,1261.25
ORD0001585,credit_card,8,1214.69
ORD0001586,debit_card,8,1240.88
ORD0001587,voucher,5,325.01
ORD0001588,boleto,5,1099.11
ORD0001589,voucher,8,344.27
ORD0001590,credit_card,2,771.02
ORD0001590,credit_card,2,314.82
ORD0001591,credit_card,7,322.82
ORD0001592,credit_card,6,643.94
ORD0001593,boleto,4,1436.59
ORD0001594,credit_card,2,604.73
ORD0001595,voucher,8,1471.09
ORD0001596,boleto,8,630.51
ORD0001597,boleto,6,38.98
ORD0001598,debit_card,3,1180.88
ORD0001599,boleto,8,296.09
ORD0001599,boleto,8,614.15
ORD0001600,debit_card,3,219.74
ORD0001601,boleto,1,292.96
ORD0001602,credit_card,1,889.43
ORD0001603,credit_card,2,25.46
ORD0001604,voucher,4,1476.06
ORD0001605,debit_card,10,540.92
ORD0001606,voucher,9,954.82
ORD0001607,credit_card,6,1142.78
ORD0001608,credit_card,4,348.87
ORD0001609,voucher,3,461.31
ORD0001610,boleto,2,826.34
ORD0001611,boleto,4,158.15
ORD0001612,credit_card,4,1328.35
ORD0001613,boleto,5,939.52
ORD0001614,credit_card,4,1133.04
ORD0001615,voucher,1,1308.82
ORD0001616,credit_card,3,271.3
ORD0001617,boleto,6,94.32
ORD0001618,voucher,3,548.65
ORD0001619,debit_card,2,30.44
ORD0001620,credit_card,4,413.2
ORD0001621,voucher,5,361.89
ORD0001622,voucher,1,357.4
ORD0001623,boleto,7,1416.83
ORD0001624,credit_card,1,1108.86
ORD0001625,debit_card,8,1151.36
ORD0001626,voucher,3,223.02
ORD0001627,debit_card,10,1357.87
ORD0001628,credit_card,5,362.65
ORD0001629,boleto,5,1312.05
ORD0001630,voucher,8,1167.92
ORD0001631,credit_card,5,1196.93
ORD0001632,credit_card,5,170.44
ORD0001633,debit_card,9,1054.32
ORD0001634,voucher,10,376.62
ORD0001635,credit_card,8,781.36
ORD0001636,voucher,3,37.6
ORD0001637,voucher,9,629.15
ORD0001638,boleto,1,994.92
ORD0001639,credit_card,3,244.92
ORD0001640,credit_card,5,618.11
ORD0001640,voucher,5,1069.47
ORD0001641,voucher,6,859.79
ORD0001642,debit_card,9,1244.6
ORD0001643,credit_card,3,786.23
ORD0001644,voucher,10,1096.89
ORD0001644,voucher,10,263.7
ORD0001645,voucher,6,32.99
ORD0001646,debit_card,2,871.37
ORD0001647,credit_card,7,356.69
ORD0001648,debit_card,4,1293.62
ORD0001649,debit_card,5,1160.51
ORD0001650,voucher,6,629.09
ORD0001651,debit_card,8,209.9
ORD0001652,voucher,4,995.7
ORD0001653,boleto,8,702.84
ORD0001654,voucher,9,693.94
ORD0001655,debit_card,3,83.48
ORD0001656,voucher,10,1387.86
ORD0001657,credit_card,7,685.67
ORD0001658,credit_card,7,640.09
ORD0001659,debit_card,5,1106.02
ORD0001660,voucher,8,27.02
ORD0001660,credit_card,8,1031.74
ORD0001661,debit_card,3,1376.9
ORD0001662,credit_card,8,179.28
ORD0001662,debit_card,8,1414.9
ORD0001663,boleto,3,234.5
ORD0001664,debit_card,9,853.48
ORD0001665,credit_card,9,111.7
ORD0001666,voucher,2,797.14
ORD0001667,voucher,10,593.35
ORD0001668,voucher,6,129.08
ORD0001669,boleto,5,1446.59
ORD0001669,debit_card,5,1487.08
ORD0001670,credit_card,10,389.5
ORD0001670,boleto,10,1180.55
ORD0001671,voucher,3,1238.32
ORD0001672,debit_card,9,657.26
ORD0001673,boleto,3,1201.71
ORD0001674,debit_card,7,498.21
ORD0001675,voucher,7,885.47
ORD0001676,debit_card,9,351.74
ORD0001677,voucher,9,514.47
ORD0001678,credit_card,2,1159.66
ORD0001679,boleto,8,437.71
ORD0001680,debit_card,2,46.76
ORD0001681,debit_card,4,951.71
ORD0001682,debit_card,5,246.08
ORD0001683,boleto,8,262.85
ORD0001684,credit_card,9,366.83
ORD0001685,boleto,10,610.43
ORD0001685,credit_card,10,735.05
ORD0001686,boleto,1,1422.28
ORD0001687,debit_card,1,475.03
ORD0001688,debit_card,6,288.79
ORD0001689,boleto,2,1383.76
ORD0001690,credit_card,6,1093.78
ORD0001691,voucher,2,997.33
ORD0001692,credit_card,3,1221.13
ORD0001692,boleto,3,527.13
ORD0001693,credit_card,6,391.53
ORD0001694,boleto,9,531.06
ORD0001695,boleto,7,1467.25
ORD0001695,voucher,7,122.41
ORD0001696,voucher,2,896.45
ORD0001697,boleto,10,1082.69
ORD0001698,voucher,5,245.46
ORD0001699,debit_card,3,109.84
ORD0001700,credit_card,8,427.06
ORD0001700,debit_card,8,606.2
ORD0001701,credit_card,7,749.18
ORD0001702,boleto,1,1175.6
ORD0001703,boleto,3,355.51
ORD0001704,debit_card,8,889.11
ORD0001704,boleto,8,1149.12
ORD0001705,debit_card,2,107.88
ORD0001706,voucher,5,1292.39
ORD0001707,credit_card,10,159.99
ORD0001708,debit_card,2,271.63
ORD0001709,voucher,9,1362.16
ORD0001709,boleto,9,678.28
ORD0001710,voucher,10,310.52
ORD0001710,credit_card,10,540.0
ORD0001711,debit_card,10,201.58
ORD0001712,boleto,7,530.63
ORD0001713,credit_card,7,564.84
ORD0001714,debit_card,9,423.57
ORD0001715,credit_card,6,440.91
ORD0001716,debit_card,10,27.79
ORD0001717,voucher,3,357.13
ORD0001718,voucher,8,914.99
ORD0001719,debit_card,2,1447.45
ORD0001720,boleto,2,1374.42
ORD0001721,voucher,6,302.86
ORD0001722,credit_card,4,156.41
ORD0001723,credit_card,8,666.45
ORD0001724,voucher,6,730.57
ORD0001725,credit_card,4,433.09
ORD0001726,credit_card,10,46.79
ORD0001727,boleto,4,1246.57
ORD0001727,credit_card,4,618.85
ORD0001728,credit_card,6,258.02
ORD0001729,credit_card,8,1175.06
ORD0001730,boleto,1,1144.28
ORD0001731,debit_card,6,671.37
ORD0001732,voucher,2,1444.14
ORD0001733,debit_card,3,52.81
ORD0001734,debit_card,3,338.02
ORD0001735,credit_card,5,1228.81
ORD0001736,credit_card,6,675.96
ORD0001737,credit_card,5,380.38
ORD0001738,boleto,9,487.67
ORD0001739,voucher,4,528.12
ORD0001740,boleto,8,383.08
ORD0001741,credit_card,7,753.05
ORD0001742,credit_card,9,438.0
ORD0001743,credit_card,9,1371.8
ORD0001744,credit_card,4,23.95
ORD0001744,voucher,4,61.35
ORD0001745,voucher,2,26.99
ORD0001746,debit_card,7,186.95
ORD0001747,credit_card,10,732.2
ORD0001748,boleto,4,1203.93
ORD0001749,credit_card,3,88.29
ORD0001749,credit_card,3,192.53
ORD0001750,boleto,9,193.17
ORD0001751,credit_card,6,869.47
ORD0001752,voucher,9,704.99
ORD0001753,boleto,9,1014.12
ORD0001754,debit_card,5,910.92
ORD0001755,credit_card,7,40.68
ORD0001756,boleto,4,789.34
ORD0001757,boleto,3,837.97
ORD0001758,boleto,3,573.53
ORD0001759,debit_card,6,1472.88
ORD0001760,voucher,1,926.04
ORD0001761,credit_card,6,983.01
ORD0001762,debit_card,9,244.42
ORD0001763,voucher,7,1300.91
ORD0001764,debit_card,8,621.13
ORD0001765,debit_card,8,201.78
ORD0001766,voucher,9,1229.45
ORD0001767,debit_card,10,213.98
ORD0001768,debit_card,7,334.83
ORD0001769,debit_card,7,543.6
ORD0001770,boleto,10,613.05
ORD0001771,debit_card,1,1128.95
ORD0001772,voucher,8,32.17
ORD0001773,voucher,2,979.2
ORD0001774,credit_card,9,150.7
ORD0001775,voucher,2,1446.8
ORD0001776,boleto,6,568.87
ORD0001776,boleto,6,467.68
ORD0001777,voucher,9,1183.45
ORD0001778,credit_card,7,427.59
ORD0001779,debit_card,2,1420.8
ORD0001780,debit_card,8,61.72
ORD0001781,boleto,4,1172.96
ORD0001782,credit_card,10,1448.96
ORD0001783,boleto,6,974.15
ORD0001784,debit_card,5,1145.49
ORD0001785,credit_card,7,405.19
ORD0001786,credit_card,6,402.04
ORD0001787,credit_card,1,929.28
ORD0001788,voucher,10,1095.67
ORD0001789,credit_card,9,1066.14
ORD0001790,boleto,5,1078.5
ORD0001791,voucher,5,754.54
ORD0001792,voucher,4,980.77
ORD0001793,credit_card,6,253.37
ORD0001794,voucher,7,230.72
ORD0001795,boleto,4,172.48
ORD0001796,debit_card,3,837.78
ORD0001796,voucher,3,220.71
ORD0001797,debit_card,1,351.6
ORD0001798,boleto,2,291.38
ORD0001799,debit_card,6,53.7
ORD0001800,credit_card,5,1196.54
ORD0001801,voucher,3,1138.23
ORD0001802,boleto,1,1323.2
ORD0001803,voucher,9,1322.57
ORD0001804,boleto,8,899.12
ORD0001805,voucher,8,269.02
ORD0001806,voucher,1,545.31
ORD0001807,boleto,7,1146.14
ORD0001808,credit_card,10,413.46
ORD0001809,voucher,4,342.23
ORD0001810,voucher,6,622.73
ORD0001811,boleto,8,1423.35
ORD0001812,debit_card,4,1059.36
ORD0001813,boleto,9,721.84
ORD0001814,credit_card,1,530.73
ORD0001815,debit_card,8,1465.81
ORD0001816,credit_card,9,201.92
ORD0001817,debit_card,9,810.21
ORD0001818,boleto,6,870.19
ORD0001819,voucher,5,94.28
ORD0001820,voucher,3,1211.02
ORD0001820,debit_card,3,775.55
ORD0001821,boleto,8,1464.82
ORD0001822,boleto,1,251.66
ORD0001823,debit_card,4,1144.33
ORD0001824,voucher,6,82.4
ORD0001825,boleto,4,1035.73
ORD0001826,credit_card,1,637.95
ORD0001827,voucher,8,1003.18
ORD0001828,credit_card,7,944.08
ORD0001829,debit_card,4,122.21
ORD0001830,voucher,6,125.0
ORD0001831,voucher,2,613.04
ORD0001832,boleto,2,276.64
ORD0001833,debit_card,1,1402.58
ORD0001834,voucher,3,1292.56
ORD0001834,credit_card,3,907.52
ORD0001835,debit_card,8,854.86
ORD0001835,credit_card,8,1273.35
ORD0001836,credit_card,1,1294.35
ORD0001837,voucher,3,1225.04
ORD0001838,debit_card,2,1224.73
ORD0001839,debit_card,2,1034.8
ORD0001840,credit_card,10,1467.36
ORD0001841,boleto,4,624.98
ORD0001842,voucher,5,737.51
ORD0001842,debit_card,5,1459.42
ORD0001843,debit_card,1,661.09
ORD0001844,debit_card,8,1345.89
ORD0001845,boleto,4,1453.04
ORD0001846,voucher,3,897.06
ORD0001847,credit_card,3,782.8
ORD0001848,credit_card,8,182.69
ORD0001849,voucher,5,417.56
ORD0001850,debit_card,10,141.91
ORD0001850,debit_card,10,41.5
ORD0001851,voucher,9,916.39
ORD0001852,credit_card,4,490.26
ORD0001853,debit_card,3,961.46
ORD0001853,boleto,3,853.51
ORD0001854,credit_card,2,1031.84
ORD0001855,voucher,5,895.66
ORD0001856,debit_card,1,219.2
ORD0001857,boleto,6,1111.42
ORD0001858,debit_card,6,107.99
ORD0001859,boleto,1,301.36
ORD0001860,credit_card,4,239.68
ORD0001861,boleto,9,1201.08
ORD0001862,voucher,4,518.45
ORD0001862,boleto,4,842.42
ORD0001863,debit_card,10,781.43
ORD0001864,voucher,8,1301.4
ORD0001865,boleto,4,578.27
ORD0001866,boleto,1,833.95
ORD0001866,credit_card,1,195.97
ORD0001867,voucher,1,1195.62
ORD0001868,voucher,3,1193.8
ORD0001868,voucher,3,117.42
ORD0001869,debit_card,10,1234.92
ORD0001869,voucher,10,286.49
ORD0001870,voucher,7,971.49
ORD0001871,credit_card,8,722.91
ORD0001872,debit_card,6,278.35
ORD0001873,boleto,6,737.8
ORD0001874,debit_card,2,863.12
ORD0001875,debit_card,6,545.79
ORD0001876,credit_card,5,1001.1
ORD0001877,voucher,5,411.03
ORD0001878,voucher,7,465.61
ORD0001879,boleto,9,921.21
ORD0001880,debit_card,10,1202.91
ORD0001881,debit_card,2,1311.77
ORD0001882,voucher,8,927.05
ORD0001883,credit_card,10,39.83
ORD0001884,boleto,1,1312.41
ORD0001884,boleto,1,190.01
ORD0001885,debit_card,8,1293.28
ORD0001886,debit_card,2,309.18
ORD0001887,voucher,3,1106.64
ORD0001888,credit_card,6,686.87
ORD0001889,debit_card,5,801.31
ORD0001890,credit_card,10,1200.23
ORD0001891,boleto,10,941.66
ORD0001892,voucher,8,1414.85
ORD0001893,voucher,2,217.37
ORD0001894,credit_card,9,755.87
ORD0001895,credit_card,3,258.98
ORD0001896,boleto,8,1201.17
ORD0001897,voucher,2,496.63
ORD0001897,boleto,2,281.78
ORD0001898,credit_card,10,1142.69
ORD0001899,voucher,1,1133.7
ORD0001900,voucher,4,345.03
ORD0001901,debit_card,1,124.74
ORD0001902,debit_card,7,37.2
ORD0001903,credit_card,6,980.74
ORD0001903,credit_card,6,988.16
ORD0001904,credit_card,4,385.74
ORD0001905,credit_card,7,1362.92
ORD0001906,boleto,8,1102.18
ORD0001907,boleto,8,151.33
ORD0001907,voucher,8,1259.51
ORD0001908,debit_card,7,1295.92
ORD0001909,boleto,3,764.19
ORD0001910,boleto,9,619.5
ORD0001911,debit_card,2,1296.58
ORD0001912,credit_card,4,1467.11
ORD0001913,debit_card,9,1220.32
ORD0001914,boleto,5,608.83
ORD0001915,credit_card,5,1103.42
ORD0001916,voucher,8,571.27
ORD0001917,boleto,7,1497.5
ORD0001918,credit_card,10,1059.2
ORD0001919,boleto,2,770.21
ORD0001920,credit_card,10,1216.83
ORD0001921,debit_card,2,715.36
ORD0001922,boleto,10,1259.22
ORD0001922,debit_card,10,976.63
ORD0001923,voucher,8,618.48
ORD0001924,debit_card,9,1228.74
ORD0001925,credit_card,3,1072.64
ORD0001926,voucher,5,479.68
ORD0001927,voucher,7,685.61
ORD0001928,voucher,8,1491.95
ORD0001929,boleto,9,453.63
ORD0001930,boleto,4,1389.5
ORD0001931,credit_card,2,1179.61
ORD0001932,voucher,10,540.61
ORD0001933,voucher,5,682.21
ORD0001934,debit_card,3,410.14
ORD0001935,voucher,2,1278.93
ORD0001936,boleto,2,179.28
ORD0001937,boleto,6,757.54
ORD0001938,voucher,5,659.07
ORD0001938,voucher,5,434.14
ORD0001939,credit_card,3,372.0
ORD0001940,voucher,7,166.8
ORD0001941,debit_card,5,294.55
ORD0001942,boleto,7,308.72
ORD0001943,voucher,1,199.43
ORD0001943,boleto,1,1243.58
ORD0001944,boleto,2,1261.24
ORD0001945,credit_card,7,539.66
ORD0001946,voucher,3,1053.11
ORD0001947,debit_card,9,1045.63
ORD0001947,boleto,9,252.89
ORD0001948,boleto,6,1466.11
ORD0001949,boleto,4,942.2
ORD0001950,boleto,1,451.19
ORD0001951,debit_card,10,1284.21
ORD0001952,credit_card,9,416.21
ORD0001953,boleto,5,1424.84
ORD0001954,voucher,8,790.38
ORD0001955,debit_card,2,300.52
ORD0001956,voucher,9,219.55
ORD0001957,boleto,5,1227.96
ORD0001958,voucher,7,203.9
ORD0001959,debit_card,2,1041.69
ORD0001960,debit_card,6,1251.88
ORD0001961,boleto,5,993.13
ORD0001962,boleto,1,937.52
ORD0001962,credit_card,1,600.65
ORD0001963,credit_card,9,180.27
ORD0001963,credit_card,9,1419.51
ORD0001964,credit_card,5,448.76
ORD0001965,debit_card,9,360.65
ORD0001966,voucher,1,220.8
ORD0001967,credit_card,8,210.04
ORD0001968,debit_card,4,1156.67
ORD0001969,debit_card,2,1024.79
ORD0001969,credit_card,2,645.95
ORD0001970,credit_card,9,1379.91
ORD0001971,debit_card,8,185.57
ORD0001972,debit_card,8,745.43
ORD0001973,credit_card,5,1035.43
ORD0001974,debit_card,1,414.4
ORD0001975,voucher,9,1183.75
ORD0001976,boleto,5,444.57
ORD0001977,debit_card,5,451.3
ORD0001977,voucher,5,348.78
ORD0001978,voucher,5,177.66
ORD0001979,debit_card,3,1339.81
ORD0001980,boleto,8,1423.45
ORD0001981,voucher,3,1260.19
ORD0001982,boleto,8,1366.38
ORD0001982,credit_card,8,136.39
ORD0001983,credit_card,9,838.14
ORD0001984,debit_card,1,337.6
ORD0001985,voucher,9,636.74
ORD0001986,debit_card,8,113.81
ORD0001987,boleto,7,662.77
ORD0001988,boleto,5,1228.86
ORD0001989,boleto,6,805.16
ORD0001990,credit_card,8,1368.37
ORD0001991,credit_card,6,1198.66
ORD0001992,boleto,8,504.69
ORD0001993,credit_card,7,769.99
ORD0001994,credit_card,5,1069.53
ORD0001994,voucher,5,1448.66
ORD0001995,voucher,8,249.34
ORD0001996,debit_card,5,192.87
ORD0001997,boleto,7,718.86
ORD0001998,boleto,4,1355.43
ORD0001999,credit_card,1,641.6
ORD0002000,boleto,10,663.4
ORD0002001,debit_card,3,1171.4
ORD0002002,credit_card,9,269.8
ORD0002003,voucher,4,256.79
ORD0002004,voucher,9,1028.77
ORD0002005,boleto,4,1456.16
ORD0002006,debit_card,5,112.26
ORD0002007,debit_card,2,1126.42
ORD0002008,voucher,2,503.8
ORD0002009,debit_card,4,1133.98
ORD0002010,debit_card,5,976.16
ORD0002010,credit_card,5,1284.11
ORD0002011,voucher,3,1192.78
ORD0002011,voucher,3,1442.55
ORD0002012,boleto,6,316.28
ORD0002013,debit_card,6,156.81
ORD0002014,voucher,9,304.55
ORD0002015,voucher,5,52.53
ORD0002016,debit_card,5,707.64
ORD0002017,debit_card,10,248.09
ORD0002018,debit_card,3,1465.21
ORD0002018,credit_card,3,459.55
ORD0002019,debit_card,5,1386.07
ORD0002020,credit_card,8,1432.69
ORD0002020,boleto,8,659.42
ORD0002021,voucher,9,686.03
ORD0002022,voucher,5,258.76
ORD0002023,boleto,5,980.01
ORD0002024,credit_card,2,1108.01
ORD0002025,voucher,3,392.95
ORD0002025,voucher,3,217.75
ORD0002026,boleto,2,186.5
ORD0002027,voucher,6,1184.19
ORD0002028,credit_card,4,1130.86
ORD0002029,voucher,10,238.31
ORD0002030,credit_card,10,169.87
ORD0002031,credit_card,7,1041.86
ORD0002032,boleto,4,711.86
ORD0002033,boleto,10,581.16
ORD0002034,debit_card,10,1107.21
ORD0002035,boleto,5,623.81
ORD0002036,debit_card,10,1075.31
ORD0002037,voucher,6,1082.74
ORD0002038,credit_card,10,1177.89
ORD0002039,credit_card,8,296.34
ORD0002040,credit_card,5,456.78
ORD0002041,boleto,1,1219.9
ORD0002042,voucher,4,1356.26
ORD0002042,debit_card,4,90.9
ORD0002043,debit_card,10,1063.61
ORD0002044,debit_card,8,783.8
ORD0002044,debit_card,8,419.27
ORD0002045,boleto,10,483.35
ORD0002046,boleto,10,385.35
ORD0002047,debit_card,9,860.34
ORD0002048,credit_card,9,27.42
ORD0002049,debit_card,1,644.45
ORD0002050,credit_card,4,1067.92
ORD0002051,voucher,6,857.0
ORD0002052,voucher,8,208.95
ORD0002053,credit_card,5,1343.3
ORD0002054,voucher,4,1235.79
ORD0002055,credit_card,8,376.92
ORD0002056,debit_card,7,778.74
ORD0002057,credit_card,4,586.5
ORD0002058,voucher,4,582.09
ORD0002059,boleto,4,208.77
ORD0002060,debit_card,2,1439.7
ORD0002061,credit_card,5,1184.63
ORD0002062,voucher,3,193.81
ORD0002063,voucher,8,787.06
ORD0002064,boleto,4,475.33
ORD0002065,boleto,7,915.93
ORD0002066,credit_card,9,799.29
ORD0002067,credit_card,3,1165.47
ORD0002068,boleto,10,923.14
ORD0002068,debit_card,10,98.74
ORD0002069,voucher,9,873.48
ORD0002070,credit_card,6,613.88
ORD0002071,boleto,8,1410.92
ORD0002072,credit_card,3,694.84
ORD0002073,voucher,4,848.05
ORD0002073,debit_card,4,522.45
ORD0002074,credit_card,7,37.75
ORD0002075,boleto,3,403.43
ORD0002076,boleto,4,847.57
ORD0002076,voucher,4,926.91
ORD0002077,voucher,6,329.38
ORD0002078,debit_card,5,743.0
ORD0002078,credit_card,5,1055.74
ORD0002079,credit_card,5,1476.89
ORD0002080,credit_card,9,1304.69
ORD0002081,voucher,10,802.57
ORD0002081,boleto,10,640.67
ORD0002082,boleto,7,411.26
ORD0002082,voucher,7,1467.37
ORD0002083,boleto,2,73.91
ORD0002084,boleto,3,856.74
ORD0002085,credit_card,8,771.46
ORD0002086,debit_card,2,739.63
ORD0002087,debit_card,3,1463.92
ORD0002088,credit_card,9,995.54
ORD0002089,credit_card,5,445.04
ORD0002090,boleto,4,529.23
ORD0002091,credit_card,3,486.43
ORD0002092,boleto,4,465.39
ORD0002092,debit_card,4,473.81
ORD0002093,debit_card,9,1456.33
ORD0002094,credit_card,8,835.26
ORD0002095,boleto,2,711.31
ORD0002096,debit_card,6,1333.82
ORD0002097,credit_card,9,847.07
ORD0002098,credit_card,5,697.77
ORD0002099,boleto,8,931.47
ORD0002100,boleto,7,865.17
ORD0002101,voucher,10,1218.94
ORD0002102,credit_card,3,324.79
ORD0002103,credit_card,2,467.44
ORD0002104,credit_card,2,1249.91
ORD0002105,credit_card,7,378.75
ORD0002106,boleto,10,380.87
ORD0002107,boleto,7,1034.45
ORD0002108,boleto,5,338.48
ORD0002109,voucher,3,918.7
ORD0002110,credit_card,2,1366.01
ORD0002111,boleto,7,1212.49
ORD0002111,voucher,7,1259.79
ORD0002112,credit_card,2,389.98
ORD0002113,debit_card,2,426.08
ORD0002113,credit_card,2,1113.74
ORD0002114,debit_card,10,1135.32
ORD0002114,debit_card,10,211.5
ORD0002115,credit_card,9,666.37
ORD0002116,credit_card,4,179.56
ORD0002116,boleto,4,123.5
ORD0002117,boleto,2,20.12
ORD0002118,voucher,5,114.31
ORD0002119,credit_card,1,1009.09
ORD0002120,voucher,7,1465.94
ORD0002121,voucher,1,1415.67
ORD0002121,voucher,1,591.04
ORD0002122,boleto,2,393.99
ORD0002123,boleto,4,909.62
ORD0002123,credit_card,4,403.6
ORD0002124,boleto,3,1172.86
ORD0002125,debit_card,10,378.46
ORD0002126,boleto,8,1163.5
ORD0002127,debit_card,5,174.15
ORD0002128,credit_card,4,642.5
ORD0002129,debit_card,3,1017.49
ORD0002130,boleto,8,28.09
ORD0002131,voucher,3,1318.75
ORD0002132,credit_card,5,38.35
ORD0002133,voucher,6,33.62
ORD0002134,debit_card,7,645.26
ORD0002135,boleto,8,736.51
ORD0002136,boleto,6,252.42
ORD0002137,boleto,3,961.5
ORD0002138,debit_card,6,453.17
ORD0002139,boleto,10,26.53
ORD0002140,credit_card,6,343.74
ORD0002140,boleto,6,395.88
ORD0002141,boleto,1,224.44
ORD0002141,boleto,1,1177.55
ORD0002142,voucher,5,566.87
ORD0002143,credit_card,1,580.72
ORD0002144,credit_card,9,1399.32
ORD0002145,voucher,10,47.97
ORD0002146,voucher,7,480.72
ORD0002147,voucher,2,705.35
ORD0002148,boleto,10,1047.75
ORD0002149,boleto,1,798.1
ORD0002150,boleto,5,1369.54
ORD0002151,voucher,5,505.37
ORD0002152,debit_card,1,478.94
ORD0002153,boleto,3,1310.4
ORD0002154,voucher,8,416.64
ORD0002154,credit_card,8,35.02
ORD0002155,debit_card,6,805.07
ORD0002155,debit_card,6,721.64
ORD0002156,voucher,7,1357.82
ORD0002156,debit_card,7,469.7
ORD0002157,credit_card,3,1238.66
ORD0002158,boleto,9,1048.72
ORD0002159,debit_card,8,1440.94
ORD0002160,voucher,5,937.18
ORD0002161,voucher,4,721.08
ORD0002162,credit_card,4,487.48
ORD0002163,credit_card,7,553.04
ORD0002164,voucher,10,829.47
ORD0002165,credit_card,6,1492.79
ORD0002166,voucher,6,476.44
ORD0002166,voucher,6,113.97
ORD0002167,debit_card,6,367.92
ORD0002168,voucher,9,776.3
ORD0002169,boleto,1,1207.81
ORD0002169,boleto,1,268.76
ORD0002170,credit_card,8,673.89
ORD0002171,debit_card,10,1077.4
ORD0002172,boleto,4,1001.24
ORD0002173,credit_card,6,905.32
ORD0002174,voucher,6,689.49
ORD0002175,boleto,3,378.88
ORD0002176,credit_card,1,691.12
ORD0002177,debit_card,3,942.25
ORD0002178,boleto,9,267.29
ORD0002179,credit_card,10,221.35
ORD0002180,boleto,5,988.06
ORD0002181,debit_card,1,136.36
ORD0002182,debit_card,6,1049.12
ORD0002183,voucher,8,729.77
ORD0002184,voucher,4,845.23
ORD0002184,debit_card,4,1052.0
ORD0002185,debit_card,7,365.9
ORD0002185,credit_card,7,941.7
ORD0002186,credit_card,8,186.56
ORD0002187,debit_card,3,408.13
ORD0002188,credit_card,4,666.73
ORD0002189,voucher,8,377.81
ORD0002190,credit_card,9,1439.79
ORD0002190,voucher,9,1305.27
ORD0002191,voucher,7,1463.05
ORD0002192,boleto,1,163.21
ORD0002193,voucher,5,920.1
ORD0002194,voucher,10,193.18
ORD0002195,boleto,7,777.23
ORD0002195,credit_card,7,836.7
ORD0002196,voucher,9,465.64
ORD0002197,credit_card,4,308.18
ORD0002197,voucher,4,348.45
ORD0002198,voucher,10,309.97
ORD0002199,voucher,1,1227.88
ORD0002200,voucher,7,1277.83
ORD0002200,credit_card,7,917.27
ORD0002201,debit_card,6,1217.22
ORD0002202,debit_card,7,1207.37
ORD0002203,credit_card,2,595.95
ORD0002204,credit_card,2,1060.79
ORD0002205,boleto,1,220.93
ORD0002206,boleto,3,545.12
ORD0002207,debit_card,4,1086.71
ORD0002208,debit_card,4,1058.54
ORD0002209,boleto,1,597.49
ORD0002210,boleto,2,139.57
ORD0002211,boleto,9,391.33
ORD0002212,boleto,7,268.18
ORD0002213,debit_card,10,231.8
ORD0002214,voucher,9,342.31
ORD0002215,debit_card,1,1052.75
ORD0002216,boleto,10,879.16
ORD0002217,credit_card,6,542.73
ORD0002217,credit_card,6,1117.32
ORD0002218,credit_card,1,630.12
ORD0002218,voucher,1,316.1
ORD0002219,voucher,10,1101.86
ORD0002220,boleto,6,945.55
ORD0002220,boleto,6,111.71
ORD0002221,boleto,9,988.08
ORD0002222,voucher,3,966.4
ORD0002223,voucher,2,1432.08
ORD0002224,credit_card,9,98.18
ORD0002225,debit_card,5,200.8
ORD0002226,debit_card,8,1195.25
ORD0002227,voucher,3,616.25
ORD0002228,voucher,7,915.53
ORD0002229,debit_card,9,317.7
ORD0002230,debit_card,10,773.24
ORD0002231,debit_card,7,863.81
ORD0002232,credit_card,1,493.93
ORD0002233,boleto,5,1114.35
ORD0002234,boleto,5,1118.11
ORD0002235,credit_card,9,1348.1
ORD0002236,voucher,3,557.99
ORD0002237,debit_card,7,1190.63
ORD0002238,credit_card,10,736.84
ORD0002239,boleto,8,916.36
ORD0002240,boleto,2,661.95
ORD0002241,debit_card,9,653.52
ORD0002242,debit_card,3,358.7
ORD0002243,credit_card,1,1073.63
ORD0002244,voucher,1,1469.72
ORD0002245,voucher,4,1471.92
ORD0002245,credit_card,4,1333.62
ORD0002246,debit_card,10,188.96
ORD0002247,debit_card,8,1267.36
ORD0002248,voucher,7,52.63
ORD0002249,voucher,1,1239.73
ORD0002250,debit_card,9,1205.91
ORD0002251,debit_card,8,299.08
ORD0002252,boleto,5,40.28
ORD0002253,boleto,3,593.7
ORD0002254,boleto,6,993.88
ORD0002255,credit_card,4,766.55
ORD0002256,voucher,1,1133.71
ORD0002257,boleto,3,116.61
ORD0002258,voucher,3,1365.42
ORD0002259,boleto,3,426.63
ORD0002260,voucher,9,959.45
ORD0002261,voucher,8,869.81
ORD0002262,credit_card,5,622.48
ORD0002263,voucher,3,976.87
ORD0002264,voucher,8,476.19
ORD0002265,credit_card,3,1423.3
ORD0002266,debit_card,3,646.01
ORD0002267,boleto,4,1197.64
ORD0002267,credit_card,4,1480.59
ORD0002268,credit_card,6,594.95
ORD0002269,voucher,9,1189.01
ORD0002270,debit_card,3,617.22
ORD0002271,credit_card,2,497.98
ORD0002272,debit_card,1,598.19
ORD0002273,debit_card,5,316.18
ORD0002273,voucher,5,54.16
ORD0002274,voucher,2,1334.77
ORD0002275,debit_card,8,555.44
ORD0002276,voucher,10,962.99
ORD0002277,boleto,6,1496.06
ORD0002278,voucher,3,1025.47
ORD0002279,voucher,4,1311.78
ORD0002280,voucher,9,1298.6
ORD0002281,credit_card,9,257.74
ORD0002282,credit_card,8,1002.61
ORD0002283,credit_card,9,1244.57
ORD0002284,voucher,5,836.81
ORD0002285,debit_card,7,1192.05
ORD0002286,boleto,7,609.43
ORD0002287,voucher,6,183.02
ORD0002288,credit_card,1,172.67
ORD0002289,credit_card,7,605.22
ORD0002290,debit_card,4,37.76
ORD0002291,voucher,6,475.56
ORD0002292,credit_card,6,514.77
ORD0002293,boleto,5,1384.04
ORD0002294,debit_card,9,132.46
ORD0002295,voucher,1,204.93
ORD0002296,boleto,9,250.03
ORD0002297,credit_card,9,415.55
ORD0002298,credit_card,1,1013.52
ORD0002298,credit_card,1,529.57
ORD0002299,boleto,5,1009.32
ORD0002300,voucher,5,765.97
ORD0002301,credit_card,1,70.8
ORD0002302,voucher,4,547.66
ORD0002303,debit_card,3,301.77
ORD0002304,voucher,6,636.08
ORD0002305,voucher,3,751.26
ORD0002306,voucher,6,548.43
ORD0002307,credit_card,3,568.39
ORD0002308,debit_card,2,52.07
ORD0002309,voucher,7,1018.35
ORD0002310,debit_card,8,660.82
ORD0002311,credit_card,3,216.31
ORD0002312,boleto,7,670.5
ORD0002313,debit_card,6,941.77
ORD0002314,credit_card,4,1026.45
ORD0002315,debit_card,7,677.99
ORD0002316,boleto,7,1216.97
ORD0002316,boleto,7,516.22
ORD0002317,boleto,10,1458.93
ORD0002318,credit_card,3,813.83
ORD0002319,debit_card,4,523.16
ORD0002320,boleto,8,727.76
ORD0002321,credit_card,4,1173.87
ORD0002322,debit_card,9,231.17
ORD0002323,boleto,2,1283.75
ORD0002323,voucher,2,724.45
ORD0002324,voucher,9,463.19
ORD0002325,voucher,8,1365.17
ORD0002326,voucher,4,145.43
ORD0002327,debit_card,4,463.66
ORD0002328,voucher,3,92.52
ORD0002329,boleto,8,1085.62
ORD0002330,debit_card,5,475.27
ORD0002330,voucher,5,568.43
ORD0002331,voucher,8,38.35
ORD0002331,debit_card,8,20.1
ORD0002332,voucher,1,1279.93
ORD0002333,credit_card,8,1374.42
ORD0002334,boleto,8,842.72
ORD0002335,debit_card,6,612.64
ORD0002336,debit_card,6,394.77
ORD0002337,boleto,6,1140.78
ORD0002338,credit_card,10,937.43
ORD0002339,debit_card,2,1040.4
ORD0002340,debit_card,2,798.72
ORD0002341,debit_card,5,196.11
ORD0002342,credit_card,6,992.75
ORD0002343,credit_card,1,396.97
ORD0002344,boleto,6,1297.44
ORD0002345,credit_card,2,89.91
ORD0002346,credit_card,8,1189.66
ORD0002347,credit_card,7,384.58
ORD0002348,voucher,5,348.71
ORD0002349,boleto,8,435.56
ORD0002349,voucher,8,249.4
ORD0002350,credit_card,3,1483.6
ORD0002351,boleto,4,1436.3
ORD0002352,boleto,5,1188.74
ORD0002353,credit_card,2,819.45
ORD0002354,boleto,6,691.83
ORD0002355,debit_card,3,46.37
ORD0002356,debit_card,7,414.4
ORD0002357,debit_card,9,128.95
ORD0002358,boleto,5,1139.6
ORD0002359,debit_card,5,763.06
ORD0002360,boleto,1,1130.7
ORD0002361,debit_card,4,534.63
ORD0002362,credit_card,3,484.17
ORD0002363,credit_card,5,365.79
ORD0002364,credit_card,6,529.28
ORD0002365,credit_card,7,911.52
ORD0002366,debit_card,7,244.06
ORD0002367,voucher,5,177.31
ORD0002368,debit_card,1,123.61
ORD0002369,boleto,4,1261.61
ORD0002370,voucher,2,665.48
ORD0002371,debit_card,8,564.04
ORD0002372,voucher,9,1332.41
ORD0002373,debit_card,8,283.73
ORD0002374,boleto,10,1066.35
ORD0002375,debit_card,9,1402.99
ORD0002376,boleto,1,180.71
ORD0002377,credit_card,7,728.2
ORD0002378,debit_card,3,469.01
ORD0002379,boleto,8,1204.37
ORD0002380,credit_card,6,453.32
ORD0002381,voucher,9,52.98
ORD0002382,credit_card,10,925.09
ORD0002383,credit_card,2,272.55
ORD0002383,boleto,2,1306.65
ORD0002384,credit_card,1,1007.58
ORD0002385,credit_card,10,683.35
ORD0002386,boleto,5,471.78
ORD0002387,credit_card,10,646.7
ORD0002388,credit_card,8,1358.75
ORD0002388,debit_card,8,280.48
ORD0002389,credit_card,8,300.46
ORD0002390,boleto,6,1004.56
ORD0002391,debit_card,5,1011.91
ORD0002392,debit_card,4,449.96
ORD0002393,debit_card,8,898.4
ORD0002394,credit_card,4,477.79
ORD0002395,voucher,2,495.46
ORD0002396,boleto,4,269.44
ORD0002397,credit_card,1,1269.13
ORD0002398,boleto,7,222.19
ORD0002399,boleto,3,528.4
ORD0002400,voucher,10,304.18
ORD0002401,voucher,8,594.38
ORD0002401,debit_card,8,845.38
ORD0002402,voucher,6,1418.06
ORD0002403,voucher,2,452.93
ORD0002404,credit_card,7,462.39
ORD0002405,debit_card,6,314.98
ORD0002406,debit_card,2,838.69
ORD0002407,debit_card,2,697.35
ORD0002408,debit_card,9,1484.79
ORD0002408,debit_card,9,562.85
ORD0002409,credit_card,6,96.59
ORD0002409,boleto,6,567.43
ORD0002410,voucher,2,1148.92
ORD0002411,voucher,2,1287.24
ORD0002412,voucher,1,475.07
ORD0002412,voucher,1,1119.99
ORD0002413,debit_card,4,168.46
ORD0002414,debit_card,5,1056.34
ORD0002415,credit_card,3,106.75
ORD0002416,debit_card,1,680.18
ORD0002417,voucher,9,922.21
ORD0002418,credit_card,10,1024.11
ORD0002419,boleto,10,194.3
ORD0002420,debit_card,7,1200.9
ORD0002421,boleto,4,407.23
ORD0002422,debit_card,9,240.55
ORD0002423,debit_card,2,196.23
ORD0002424,credit_card,1,807.68
ORD0002425,boleto,1,503.97
ORD0002425,credit_card,1,1328.07
ORD0002426,credit_card,10,1435.41
ORD0002427,credit_card,7,1429.06
ORD0002428,credit_card,5,1034.09
ORD0002428,debit_card,5,688.81
ORD0002429,credit_card,8,70.48
ORD0002430,debit_card,4,1416.15
ORD0002431,debit_card,5,244.46
ORD0002432,credit_card,6,969.67
ORD0002433,boleto,7,158.59
ORD0002434,boleto,10,1414.76
ORD0002435,voucher,4,864.26
ORD0002436,voucher,7,856.61
ORD0002436,credit_card,7,673.36
ORD0002437,voucher,3,735.39
ORD0002438,credit_card,8,393.87
ORD0002439,boleto,1,442.46
ORD0002440,voucher,8,1273.76
ORD0002441,credit_card,4,1101.1
ORD0002442,debit_card,2,588.58
ORD0002443,debit_card,3,926.02
ORD0002443,boleto,3,1495.33
ORD0002444,credit_card,5,1421.86
ORD0002444,voucher,5,613.16
ORD0002445,boleto,1,893.01
ORD0002446,credit_card,9,105.58
ORD0002447,voucher,5,330.95
ORD0002448,debit_card,2,478.68
ORD0002449,debit_card,2,555.77
ORD0002450,credit_card,2,554.43
ORD0002451,credit_card,8,1409.01
ORD0002452,voucher,8,385.85
ORD0002453,boleto,8,1476.44
ORD0002454,debit_card,4,1011.05
ORD0002454,boleto,4,406.38
ORD0002455,debit_card,3,173.72
ORD0002455,credit_card,3,156.72
ORD0002456,boleto,9,505.06
ORD0002457,voucher,4,1004.64
ORD0002458,boleto,2,160.21
ORD0002458,boleto,2,816.0
ORD0002459,credit_card,3,403.84
ORD0002460,credit_card,8,974.74
ORD0002461,boleto,5,329.76
ORD0002462,voucher,6,988.12
ORD0002462,voucher,6,304.59
ORD0002463,voucher,5,1068.14
ORD0002464,boleto,3,108.21
ORD0002465,credit_card,2,508.88
ORD0002466,voucher,9,1101.85
ORD0002467,credit_card,9,619.89
ORD0002467,debit_card,9,257.77
ORD0002468,debit_card,4,885.58
ORD0002469,debit_card,1,341.16
ORD0002470,boleto,6,447.21
ORD0002471,debit_card,7,1335.72
ORD0002472,voucher,2,445.85
ORD0002473,voucher,10,639.98
ORD0002474,voucher,6,626.66
ORD0002475,credit_card,9,198.24
ORD0002476,voucher,2,152.62
ORD0002477,credit_card,1,606.14
ORD0002478,debit_card,10,1203.33
ORD0002479,boleto,10,577.9
ORD0002479,boleto,10,1031.95
ORD0002480,credit_card,7,824.0
ORD0002481,debit_card,8,675.4
ORD0002482,boleto,3,711.69
ORD0002483,credit_card,6,690.28
ORD0002484,voucher,1,702.0
ORD0002485,credit_card,4,1175.79
ORD0002486,credit_card,6,175.93
ORD0002487,credit_card,10,1241.63
ORD0002488,boleto,2,1214.01
ORD0002489,credit_card,5,952.34
ORD0002490,boleto,9,225.81
ORD0002491,voucher,2,132.53
ORD0002492,credit_card,9,1057.11
ORD0002492,voucher,9,1390.32
ORD0002493,boleto,6,526.09
ORD0002494,credit_card,5,56.09
ORD0002495,voucher,5,210.81
ORD0002496,debit_card,9,36.63
ORD0002497,credit_card,3,735.59
ORD0002498,credit_card,8,1390.9
ORD0002499,boleto,6,225.49
ORD0002500,voucher,10,997.86
ORD0002501,debit_card,10,610.53
ORD0002502,debit_card,2,64.08
ORD0002503,voucher,10,141.98
ORD0002504,debit_card,9,59.2
ORD0002505,boleto,6,1390.57
ORD0002506,boleto,7,1140.34
ORD0002507,debit_card,2,676.47
ORD0002508,boleto,6,58.75
ORD0002509,debit_card,7,1170.83
ORD0002510,credit_card,6,841.2
ORD0002511,boleto,7,1264.78
ORD0002512,boleto,4,491.61
ORD0002513,credit_card,6,1307.18
ORD0002514,voucher,8,1360.52
ORD0002515,debit_card,2,231.06
ORD0002516,voucher,10,276.81
ORD0002517,debit_card,6,1005.53
ORD0002518,boleto,10,236.5
ORD0002518,credit_card,10,872.89
ORD0002519,voucher,7,1465.98
ORD0002520,boleto,9,570.57
ORD0002521,debit_card,3,963.87
ORD0002522,debit_card,10,1468.69
ORD0002522,debit_card,10,1193.57
ORD0002523,credit_card,9,51.83
ORD0002523,credit_card,9,826.3
ORD0002524,boleto,1,1428.33
ORD0002525,debit_card,4,512.57
ORD0002526,boleto,1,115.2
ORD0002527,debit_card,6,843.5
ORD0002527,boleto,6,488.93
ORD0002528,boleto,3,47.88
ORD0002529,voucher,7,206.66
ORD0002530,voucher,8,1256.27
ORD0002530,debit_card,8,91.47
ORD0002531,boleto,7,723.11
ORD0002532,credit_card,2,1250.38
ORD0002533,credit_card,7,1033.07
ORD0002534,boleto,8,274.51
ORD0002535,debit_card,6,1137.18
ORD0002536,voucher,8,842.79
ORD0002537,voucher,1,264.01
ORD0002538,debit_card,9,147.67
ORD0002539,debit_card,3,237.99
ORD0002540,debit_card,1,521.55
ORD0002541,debit_card,3,716.52
ORD0002542,credit_card,5,1230.49
ORD0002543,debit_card,10,762.02
ORD0002544,credit_card,9,409.47
ORD0002545,boleto,8,504.2
ORD0002546,debit_card,7,1042.87
ORD0002547,voucher,2,447.21
ORD0002548,debit_card,6,122.66
ORD0002549,debit_card,7,704.9
ORD0002550,boleto,9,552.25
ORD0002551,voucher,6,1284.73
ORD0002552,debit_card,5,1370.02
ORD0002553,boleto,9,116.46
ORD0002554,voucher,1,358.65
ORD0002555,boleto,10,176.79
ORD0002556,boleto,6,89.15
ORD0002557,voucher,7,409.19
ORD0002558,credit_card,4,649.33
ORD0002559,debit_card,2,441.27
ORD0002560,debit_card,2,943.51
ORD0002561,debit_card,7,1008.9
ORD0002562,debit_card,2,990.72
ORD0002563,voucher,3,1286.25
ORD0002564,debit_card,10,1055.28
ORD0002565,boleto,2,988.87
ORD0002566,boleto,10,424.87
ORD0002567,voucher,10,1232.75
ORD0002568,voucher,1,472.62
ORD0002568,credit_card,1,818.52
ORD0002569,credit_card,1,1113.95
ORD0002570,credit_card,4,1448.23
ORD0002571,voucher,10,372.94
ORD0002572,debit_card,5,142.15
ORD0002573,debit_card,6,911.27
ORD0002574,credit_card,5,1352.1
ORD0002575,boleto,7,823.29
ORD0002576,debit_card,4,44.36
ORD0002577,boleto,1,1299.44
ORD0002578,credit_card,1,433.87
ORD0002579,debit_card,3,954.68
ORD0002580,debit_card,1,800.51
ORD0002581,debit_card,2,936.35
ORD0002582,debit_card,5,759.72
ORD0002583,debit_card,6,1200.16
ORD0002584,voucher,1,68.86
ORD0002585,credit_card,1,1436.57
ORD0002585,credit_card,1,801.97
ORD0002586,debit_card,1,293.92
ORD0002587,credit_card,2,1191.2
ORD0002588,debit_card,9,1326.71
ORD0002589,credit_card,10,882.03
ORD0002590,boleto,3,241.51
ORD0002591,boleto,7,1061.98
ORD0002592,voucher,5,72.91
ORD0002593,debit_card,1,895.94
ORD0002594,voucher,3,1274.12
ORD0002595,boleto,1,112.64
ORD0002596,boleto,6,58.43
ORD0002597,boleto,5,528.6
ORD0002598,debit_card,6,1394.42
ORD0002599,boleto,9,1039.16
ORD0002600,voucher,2,692.06
ORD0002601,voucher,5,146.18
ORD0002602,boleto,7,193.2
ORD0002603,voucher,10,1025.28
ORD0002604,debit_card,5,975.96
ORD0002605,boleto,10,643.47
ORD0002606,voucher,8,575.87
ORD0002607,credit_card,7,1320.64
ORD0002608,voucher,2,506.04
ORD0002609,voucher,2,516.24
ORD0002609,debit_card,2,40.53
ORD0002610,credit_card,1,738.02
ORD0002611,debit_card,4,514.47
ORD0002612,boleto,2,800.27
ORD0002613,boleto,2,197.11
ORD0002614,boleto,9,923.94
ORD0002615,credit_card,1,641.54
ORD0002616,voucher,2,1237.39
ORD0002616,voucher,2,1419.94
ORD0002617,voucher,4,1132.8
ORD0002618,debit_card,4,40.32
ORD0002619,debit_card,1,549.1
ORD0002620,voucher,10,984.03
ORD0002621,credit_card,5,832.87
ORD0002622,voucher,10,848.52
ORD0002622,boleto,10,988.77
ORD0002623,voucher,2,1199.72
ORD0002624,debit_card,10,299.82
ORD0002625,debit_card,4,1497.51
ORD0002625,boleto,4,992.55
ORD0002626,boleto,9,306.26
ORD0002627,voucher,10,380.91
ORD0002628,credit_card,2,283.97
ORD0002629,debit_card,10,445.96
ORD0002630,voucher,5,898.0
ORD0002631,debit_card,1,521.93
ORD0002632,boleto,6,809.37
ORD0002633,boleto,3,978.16
ORD0002634,credit_card,10,679.94
ORD0002635,voucher,10,1356.65
ORD0002636,boleto,5,1481.9
ORD0002637,boleto,8,848.07
ORD0002638,debit_card,10,577.03
ORD0002639,credit_card,8,87.16
ORD0002640,credit_card,4,474.06
ORD0002641,boleto,3,320.96
ORD0002642,boleto,7,412.22
ORD0002643,boleto,3,589.24
ORD0002644,boleto,7,797.18
ORD0002645,voucher,9,1343.18
ORD0002646,credit_card,9,176.54
ORD0002647,debit_card,6,554.35
ORD0002648,debit_card,4,1409.79
ORD0002649,credit_card,6,1045.15
ORD0002650,credit_card,2,513.34
ORD0002651,debit_card,2,1126.64
ORD0002652,credit_card,1,55.78
ORD0002653,boleto,1,524.61
ORD0002654,voucher,8,1457.26
ORD0002655,debit_card,3,348.35
ORD0002656,debit_card,5,1319.34
ORD0002657,debit_card,4,1371.92
ORD0002658,boleto,1,919.37
ORD0002659,voucher,6,1104.77
ORD0002660,credit_card,9,457.64
ORD0002661,debit_card,2,1313.47
ORD0002662,credit_card,8,143.55
ORD0002663,debit_card,4,1174.86
ORD0002664,boleto,8,1034.28
ORD0002665,debit_card,1,918.4
ORD0002666,voucher,9,1175.7
ORD0002667,voucher,10,922.5
ORD0002668,boleto,4,1395.16
ORD0002668,boleto,4,63.08
ORD0002669,credit_card,5,706.15
ORD0002670,voucher,8,341.0
ORD0002671,debit_card,6,864.6
ORD0002672,debit_card,3,1120.3
ORD0002673,voucher,4,222.54
ORD0002674,credit_card,6,261.01
ORD0002675,credit_card,10,542.45
ORD0002675,boleto,10,1071.94
ORD0002676,voucher,5,104.13
ORD0002677,boleto,8,572.1
ORD0002678,boleto,7,527.6
ORD0002679,debit_card,3,120.53
ORD0002680,voucher,6,148.56
ORD0002681,boleto,3,1400.82
ORD0002682,credit_card,1,231.33
ORD0002683,credit_card,7,339.78
ORD0002684,boleto,3,249.36
ORD0002685,debit_card,9,1249.91
ORD0002686,voucher,5,160.4
ORD0002687,boleto,3,711.35
ORD0002688,debit_card,1,1223.0
ORD0002689,debit_card,1,1394.68
ORD0002690,boleto,5,1147.55
ORD0002691,debit_card,1,743.97
ORD0002692,boleto,6,1085.75
ORD0002693,boleto,2,829.82
ORD0002694,credit_card,6,151.26
ORD0002695,voucher,1,417.93
ORD0002696,credit_card,2,989.09
ORD0002697,voucher,3,1171.49
ORD0002698,voucher,9,605.21
ORD0002699,debit_card,5,1079.58
ORD0002700,debit_card,6,483.74
ORD0002701,boleto,5,396.68
ORD0002701,voucher,5,429.69
ORD0002702,credit_card,6,1420.73
ORD0002703,credit_card,2,553.33
ORD0002704,debit_card,5,1042.9
ORD0002705,voucher,1,646.17
ORD0002706,boleto,6,398.71
ORD0002707,boleto,5,1474.7
ORD0002708,credit_card,9,988.25
ORD0002709,credit_card,7,271.61
ORD0002710,credit_card,5,1225.05
ORD0002711,debit_card,7,1010.54
ORD0002712,voucher,4,261.3
ORD0002713,debit_card,9,604.02
ORD0002713,credit_card,9,146.0
ORD0002714,debit_card,10,1257.61
ORD0002715,boleto,1,1238.54
ORD0002716,debit_card,7,1309.41
ORD0002717,boleto,6,559.76
ORD0002718,credit_card,9,834.14
ORD0002719,voucher,9,1232.61
ORD0002720,credit_card,10,993.57
ORD0002721,debit_card,5,844.23
ORD0002722,voucher,4,530.39
ORD0002723,credit_card,2,1169.94
ORD0002724,voucher,4,618.14
ORD0002725,credit_card,1,404.71
ORD0002726,credit_card,9,275.45
ORD0002727,debit_card,3,1050.3
ORD0002728,credit_card,1,1136.59
ORD0002729,debit_card,7,368.47
ORD0002729,credit_card,7,1462.12
ORD0002730,voucher,1,826.1
ORD0002731,boleto,10,1294.7
ORD0002732,credit_card,4,1323.61
ORD0002733,voucher,2,746.83
ORD0002734,voucher,7,831.31
ORD0002735,credit_card,6,60.34
ORD0002736,debit_card,3,991.11
ORD0002737,credit_card,4,424.92
ORD0002738,credit_card,2,301.07
ORD0002739,credit_card,6,1363.19
ORD0002740,debit_card,1,1077.5
ORD0002741,boleto,8,524.44
ORD0002742,debit_card,10,201.68
ORD0002743,boleto,8,1297.39
ORD0002744,credit_card,5,1341.29
ORD0002745,boleto,7,494.25
ORD0002745,voucher,7,309.9
ORD0002746,debit_card,5,925.69
ORD0002747,credit_card,9,762.78
ORD0002748,debit_card,4,249.17
ORD0002749,credit_card,7,599.76
ORD0002750,boleto,9,1278.99
ORD0002751,credit_card,1,472.68
ORD0002752,boleto,1,755.85
ORD0002753,debit_card,4,1313.03
ORD0002754,debit_card,6,609.01
ORD0002755,voucher,1,1466.3
ORD0002756,boleto,3,1031.16
ORD0002757,voucher,6,1373.17
ORD0002758,debit_card,5,733.63
ORD0002759,credit_card,1,492.42
ORD0002760,debit_card,1,459.22
ORD0002761,boleto,10,518.61
ORD0002762,debit_card,4,1084.25
ORD0002763,credit_card,8,1484.83
ORD0002764,debit_card,7,1436.69
ORD0002765,voucher,2,465.97
ORD0002766,boleto,4,1071.71
ORD0002767,credit_card,5,1148.89
ORD0002768,voucher,8,209.8
ORD0002769,credit_card,9,552.61
ORD0002770,voucher,6,509.5
ORD0002771,debit_card,3,1416.81
ORD0002772,credit_card,3,402.03
ORD0002773,boleto,10,921.64
ORD0002774,credit_card,5,795.27
ORD0002775,voucher,1,797.1
ORD0002776,debit_card,1,49.4
ORD0002777,debit_card,9,1481.02
ORD0002778,credit_card,5,772.3
ORD0002779,boleto,4,956.4
ORD0002780,boleto,10,713.79
ORD0002780,boleto,10,790.36
ORD0002781,boleto,10,1272.24
ORD0002782,debit_card,3,1022.9
ORD0002783,boleto,9,541.76
ORD0002784,voucher,2,689.69
ORD0002785,debit_card,2,506.6
ORD0002786,debit_card,4,817.75
ORD0002787,credit_card,10,346.5
ORD0002788,voucher,9,374.88
ORD0002789,boleto,9,256.58
ORD0002790,boleto,4,629.35
ORD0002791,debit_card,6,179.77
ORD0002791,boleto,6,35.18
ORD0002792,voucher,1,580.81
ORD0002793,debit_card,6,831.61
ORD0002794,voucher,8,791.25
ORD0002795,debit_card,9,489.62
ORD0002796,boleto,4,1495.26
ORD0002797,boleto,9,1013.1
ORD0002797,credit_card,9,1123.59
ORD0002798,voucher,2,1065.39
ORD0002799,credit_card,3,810.89
ORD0002800,credit_card,7,1284.59
ORD0002801,boleto,3,764.99
ORD0002802,boleto,8,1466.21
ORD0002803,boleto,1,106.74
ORD0002804,debit_card,2,161.15
ORD0002805,boleto,7,844.42
ORD0002806,debit_card,6,1183.65
ORD0002807,debit_card,6,719.19
ORD0002807,debit_card,6,535.57
ORD0002808,credit_card,4,265.08
ORD0002809,credit_card,7,1191.37
ORD0002810,boleto,8,853.22
ORD0002811,debit_card,10,663.09
ORD0002812,credit_card,1,320.96
ORD0002813,boleto,2,826.8
ORD0002814,credit_card,10,991.97
ORD0002815,debit_card,7,335.83
ORD0002816,boleto,1,212.9
ORD0002817,debit_card,5,993.87
ORD0002818,credit_card,4,160.8
ORD0002819,credit_card,10,1275.58
ORD0002820,boleto,9,431.91
ORD0002821,boleto,4,541.77
ORD0002822,debit_card,1,1025.38
ORD0002823,credit_card,10,181.87
ORD0002824,voucher,4,1117.62
ORD0002825,boleto,3,93.51
ORD0002826,credit_card,6,930.11
ORD0002827,credit_card,6,706.36
ORD0002828,debit_card,9,216.13
ORD0002829,debit_card,7,731.29
ORD0002829,debit_card,7,1494.57
ORD0002830,voucher,9,114.41
ORD0002831,voucher,4,891.11
ORD0002832,credit_card,3,1312.97
ORD0002833,credit_card,10,123.74
ORD0002834,voucher,7,1332.71
ORD0002835,voucher,8,748.19
ORD0002836,boleto,3,1012.82
ORD0002837,debit_card,7,946.03
ORD0002838,voucher,10,956.29
ORD0002839,boleto,1,375.7
ORD0002840,credit_card,7,1060.36
ORD0002840,credit_card,7,494.71
ORD0002841,voucher,7,75.79
ORD0002842,boleto,1,74.67
ORD0002843,voucher,6,624.57
ORD0002844,debit_card,4,1352.53
ORD0002845,boleto,3,890.44
ORD0002846,voucher,10,1482.24
ORD0002847,debit_card,8,368.76
ORD0002848,boleto,4,905.37
ORD0002849,boleto,2,382.16
ORD0002850,debit_card,1,194.13
ORD0002851,debit_card,8,975.17
ORD0002852,debit_card,2,1307.35
ORD0002852,credit_card,2,1406.3
ORD0002853,debit_card,9,1207.98
ORD0002854,boleto,7,415.13
ORD0002854,credit_card,7,101.08
ORD0002855,debit_card,6,741.41
ORD0002856,boleto,5,1457.37
ORD0002857,credit_card,3,1405.89
ORD0002858,voucher,9,283.9
ORD0002859,credit_card,8,304.36
ORD0002860,voucher,7,844.55
ORD0002861,credit_card,8,410.2
ORD0002862,boleto,5,1268.64
ORD0002863,voucher,8,1346.86
ORD0002863,credit_card,8,1326.53
ORD0002864,credit_card,8,108.16
ORD0002865,boleto,2,845.73
ORD0002866,credit_card,7,267.45
ORD0002867,boleto,4,407.89
ORD0002868,credit_card,2,274.14
ORD0002868,credit_card,2,128.79
ORD0002869,debit_card,2,56.77
ORD0002870,boleto,3,1380.24
ORD0002871,boleto,10,698.72
ORD0002872,debit_card,10,1391.47
ORD0002873,boleto,4,239.8
ORD0002874,credit_card,4,1354.66
ORD0002875,boleto,4,823.35
ORD0002875,voucher,4,261.26
ORD0002876,credit_card,1,596.0
ORD0002877,credit_card,5,735.16
ORD0002878,debit_card,9,84.76
ORD0002879,boleto,10,390.95
ORD0002880,credit_card,10,961.47
ORD0002881,credit_card,10,1299.36
ORD0002882,credit_card,7,1244.55
ORD0002883,credit_card,6,1015.17
ORD0002884,boleto,1,1165.15
ORD0002885,boleto,10,696.65
ORD0002886,debit_card,10,258.6
ORD0002887,boleto,6,873.51
ORD0002888,voucher,8,488.15
ORD0002889,credit_card,1,1125.44
ORD0002890,credit_card,5,1372.62
ORD0002891,voucher,9,636.3
ORD0002892,debit_card,1,1188.63
ORD0002893,boleto,10,194.15
ORD0002894,boleto,9,1146.03
ORD0002895,debit_card,3,920.87
ORD0002896,voucher,6,518.95
ORD0002897,voucher,9,423.24
ORD0002898,boleto,3,665.32
ORD0002899,debit_card,2,291.33
ORD0002900,credit_card,4,1412.73
ORD0002901,credit_card,9,904.02
ORD0002902,voucher,4,930.37
ORD0002903,voucher,1,546.33
ORD0002904,credit_card,3,544.11
ORD0002905,boleto,8,787.16
ORD0002906,credit_card,10,974.58
ORD0002907,boleto,2,198.28
ORD0002908,debit_card,8,358.18
ORD0002909,voucher,10,449.74
ORD0002910,boleto,3,32.99
ORD0002910,boleto,3,1319.04
ORD0002911,debit_card,8,885.75
ORD0002912,credit_card,8,1269.15
ORD0002913,debit_card,3,302.08
ORD0002914,boleto,4,1475.67
ORD0002914,credit_card,4,100.38
ORD0002915,credit_card,4,1265.38
ORD0002916,credit_card,9,94.81
ORD0002917,boleto,9,186.29
ORD0002918,boleto,1,1281.16
ORD0002919,debit_card,9,777.3
ORD0002920,credit_card,5,708.91
ORD0002921,debit_card,3,563.15
ORD0002922,debit_card,2,280.75
ORD0002923,voucher,3,1385.17
ORD0002924,boleto,6,775.0
ORD0002925,credit_card,8,489.64
ORD0002925,voucher,8,255.21
ORD0002926,voucher,1,832.6
ORD0002927,boleto,3,714.88
ORD0002928,debit_card,9,507.46
ORD0002929,debit_card,10,337.35
ORD0002930,voucher,3,1386.63
ORD0002931,voucher,1,738.31
ORD0002932,voucher,9,247.61
ORD0002933,credit_card,10,41.53
ORD0002934,credit_card,4,1432.24
ORD0002935,credit_card,7,913.18
ORD0002936,debit_card,7,981.08
ORD0002937,credit_card,4,257.61
ORD0002938,boleto,10,1390.01
ORD0002939,voucher,1,414.67
ORD0002939,boleto,1,323.18
ORD0002940,voucher,8,130.7
ORD0002941,credit_card,9,1130.21
ORD0002942,boleto,5,1033.97
ORD0002943,voucher,2,144.09
ORD0002944,credit_card,4,502.21
ORD0002945,credit_card,10,1082.96
ORD0002946,debit_card,6,241.26
ORD0002947,voucher,7,979.61
ORD0002948,debit_card,2,208.57
ORD0002948,boleto,2,594.07
ORD0002949,debit_card,4,230.99
ORD0002950,credit_card,5,871.36
ORD0002951,voucher,4,856.05
ORD0002952,voucher,6,414.2
ORD0002953,voucher,1,1097.97
ORD0002954,boleto,7,1035.32
ORD0002955,debit_card,3,50.63
ORD0002955,debit_card,3,1168.11
ORD0002956,debit_card,3,839.45
ORD0002957,voucher,1,459.76
ORD0002958,debit_card,1,1454.65
ORD0002959,debit_card,10,1032.81
ORD0002960,debit_card,7,1410.85
ORD0002961,voucher,4,1233.57
ORD0002962,credit_card,6,474.12
ORD0002963,voucher,3,266.74
ORD0002964,credit_card,6,1312.37
ORD0002965,boleto,6,914.07
ORD0002966,credit_card,4,1468.34
ORD0002967,voucher,4,1273.63
ORD0002968,voucher,9,999.58
ORD0002968,voucher,9,132.4
ORD0002969,boleto,2,1396.09
ORD0002970,credit_card,3,1358.17
ORD0002971,credit_card,4,461.84
ORD0002972,voucher,7,466.37
ORD0002973,debit_card,9,1111.28
ORD0002974,voucher,2,1457.19
ORD0002974,credit_card,2,198.75
ORD0002975,credit_card,2,737.19
ORD0002975,voucher,2,1361.6
ORD0002976,debit_card,9,194.25
ORD0002977,credit_card,6,1391.73
ORD0002978,credit_card,2,92.52
ORD0002979,credit_card,9,1296.6
ORD0002980,credit_card,7,533.14
ORD0002981,voucher,1,705.13
ORD0002982,boleto,1,947.59
ORD0002983,credit_card,2,1365.74
ORD0002984,debit_card,3,134.05
ORD0002985,debit_card,7,1470.74
ORD0002985,credit_card,7,662.46
ORD0002986,credit_card,8,1146.49
ORD0002987,debit_card,6,1454.85
ORD0002988,voucher,7,1430.41
ORD0002989,credit_card,10,508.94
ORD0002990,boleto,5,721.6
ORD0002991,credit_card,1,170.57
ORD0002992,voucher,2,311.82
ORD0002993,voucher,7,432.64
ORD0002994,debit_card,2,262.93
ORD0002995,boleto,1,29.47
ORD0002995,voucher,1,1017.97
ORD0002996,credit_card,3,799.58
ORD0002997,credit_card,6,1299.84
ORD0002998,boleto,9,118.71
ORD0002999,boleto,7,1039.73
